date,name,hash_name,score,tag,entry,r7,r14,r30,sig_稀缺,sig_买盘/求购,sig_溢价,sig_流动性
2026-06-16,FN57 | 氮化处理 (久经沙场),Five-SeveN | Nitro (Field-Tested),48.0,buff,202.0,,,-4.95,False,True,True,False
2026-06-16,猎杀者匕首（★） | 蓝钢 (略有磨损),★ Huntsman Knife | Blue Steel (Minimal Wear),48.0,buff,957.0,,,6.79,False,True,True,False
2026-06-16,鲍伊猎刀（★ StatTrak™） | 都市伪装 (久经沙场),★ StatTrak™ Bowie Knife | Urban Masked (Field-Tested),48.0,buff,497.0,,,-7.35,True,False,True,False
2026-06-16,折刀（★ StatTrak™） | 夜色 (久经沙场),★ StatTrak™ Navaja Knife | Night Stripe (Field-Tested),48.0,buff,412.0,,,-4.13,False,True,True,False
2026-06-16,鲍伊猎刀（★ StatTrak™） | 狩猎网格 (久经沙场),★ StatTrak™ Bowie Knife | Safari Mesh (Field-Tested),48.0,buff,517.0,,,1.55,True,False,True,False
2026-06-16,弯刀（★ StatTrak™） | 狩猎网格 (久经沙场),★ StatTrak™ Falchion Knife | Safari Mesh (Field-Tested),48.0,buff,484.99,,,-7.83,True,False,True,False
2026-06-16,双持贝瑞塔 | 报应 (崭新出厂),Dual Berettas | Retribution (Factory New),48.0,buff,37.95,,,12.41,False,True,True,False
2026-06-16,弯刀（★ StatTrak™） | 枯焦之色 (久经沙场),★ StatTrak™ Falchion Knife | Scorched (Field-Tested),48.0,buff,588.0,,,-0.26,True,False,True,False
2026-06-16,P90 | 星辰巨蟒 (略有磨损),P90 | Astral Jörmungandr (Minimal Wear),48.0,buff,2518.0,,,-7.17,False,True,True,False
2026-06-16,穿肠刀（★ StatTrak™） | 致命紫罗兰 (久经沙场),★ StatTrak™ Gut Knife | Ultraviolet (Field-Tested),48.0,buff,477.0,,,-0.31,True,False,True,False
2026-06-16,M4A4 | 现代猎手 (略有磨损),M4A4 | Modern Hunter (Minimal Wear),48.0,buff,779.0,,,6.03,False,True,True,False
2026-06-16,穿肠刀（★ StatTrak™） | 深红之网 (久经沙场),★ StatTrak™ Gut Knife | Crimson Web (Field-Tested),48.0,buff,696.0,,,-6.32,True,False,True,False
2026-06-16,鲍伊猎刀（★ StatTrak™） | 噩梦之夜 (久经沙场),★ StatTrak™ Bowie Knife | Night (Field-Tested),48.0,buff,631.0,,,-0.95,True,False,True,False
2026-06-16,AUG | 璞玉 (久经沙场),AUG | Carved Jade (Field-Tested),48.0,buff,124.0,,,-6.45,False,True,True,False
2026-06-16,九头蛇手套（★） | 翡翠色调 (崭新出厂),★ Hydra Gloves | Emerald (Factory New),48.0,buff,1113.0,,,-0.36,True,False,True,False
2026-06-16,P2000 | 草原落叶 (久经沙场),P2000 | Grassland Leaves (Field-Tested),48.0,buff,41.08,,,5.72,False,True,True,False
2026-06-16,穿肠刀（★ StatTrak™） | 枯焦之色 (久经沙场),★ StatTrak™ Gut Knife | Scorched (Field-Tested),48.0,buff,517.0,,,-1.45,True,False,True,False
2026-06-16,双持贝瑞塔 | 报应 (略有磨损),Dual Berettas | Retribution (Minimal Wear),48.0,buff,35.88,,,-27.12,True,False,True,False
2026-06-16,折刀（★ StatTrak™） | 北方森林 (久经沙场),★ StatTrak™ Navaja Knife | Boreal Forest (Field-Tested),48.0,buff,418.0,,,1.2,True,False,True,False
2026-06-16,Tec-9 | 骨化之色 (略有磨损),Tec-9 | Ossified (Minimal Wear),48.0,buff,179.0,,,-18.99,False,True,True,False
2026-06-16,弯刀（★ StatTrak™） | 大马士革钢 (久经沙场),★ StatTrak™ Falchion Knife | Damascus Steel (Field-Tested),48.0,buff,821.0,,,-6.7,True,False,True,False
2026-06-16,MP9 | 彩绘玻璃 (略有磨损),MP9 | Stained Glass (Minimal Wear),48.0,buff,817.0,,,-9.3,False,True,True,False
2026-06-16,P250 | 多面体 (崭新出厂),P250 | Facets (Factory New),48.0,buff,316.0,,,-16.46,False,True,True,False
2026-06-16,AK-47 | 黑色层压板 (崭新出厂),AK-47 | Black Laminate (Factory New),48.0,buff,1772.0,,,13.74,False,True,True,False
2026-06-16,P2000 | 海之泡沫 (略有磨损),P2000 | Ocean Foam (Minimal Wear),48.0,buff,953.0,,,-17.73,False,True,True,False
2026-06-16,SCAR-20 | 撕起来 (崭新出厂),SCAR-20 | Torn (Factory New),46.4,buff,20.33,,,-6.49,True,False,True,False
2026-06-16,骷髅匕首（★） | 狩猎网格 (崭新出厂),★ Skeleton Knife | Safari Mesh (Factory New),45.9,buff,1457.0,,,9.27,False,True,True,False
2026-06-16,系绳匕首（★ StatTrak™） | 枯焦之色 (久经沙场),★ StatTrak™ Paracord Knife | Scorched (Field-Tested),44.1,buff,431.99,,,-8.45,False,True,True,False
2026-06-16,P250 | 狂野飞溅 (久经沙场),P250 | Splash (Field-Tested),43.2,buff,162.0,,,-16.98,True,False,True,False
2026-06-16,穿肠刀（★ StatTrak™） | 噩梦之夜 (久经沙场),★ StatTrak™ Gut Knife | Night (Field-Tested),43.0,buff,475.52,,,3.24,False,True,True,False
2026-06-15,FN57 | 氮化处理 (久经沙场),Five-SeveN | Nitro (Field-Tested),48.0,buff,202.0,,,-4.95,False,True,True,False
2026-06-15,折刀（★ StatTrak™） | 北方森林 (略有磨损),★ StatTrak™ Navaja Knife | Boreal Forest (Minimal Wear),48.0,buff,456.0,,,-1.64,False,False,True,False
2026-06-15,Tec-9 | 骨化之色 (略有磨损),Tec-9 | Ossified (Minimal Wear),48.0,buff,180.0,,,-19.44,False,True,True,False
2026-06-15,弯刀（★ StatTrak™） | 大马士革钢 (久经沙场),★ StatTrak™ Falchion Knife | Damascus Steel (Field-Tested),48.0,buff,796.0,,,-3.77,True,False,True,False
2026-06-15,双持贝瑞塔 | 报应 (崭新出厂),Dual Berettas | Retribution (Factory New),48.0,buff,34.07,,,25.21,False,True,True,False
2026-06-15,弯刀（★ StatTrak™） | 枯焦之色 (久经沙场),★ StatTrak™ Falchion Knife | Scorched (Field-Tested),48.0,buff,581.0,,,0.95,True,False,True,False
2026-06-15,P90 | 星辰巨蟒 (略有磨损),P90 | Astral Jörmungandr (Minimal Wear),48.0,buff,2521.0,,,-7.28,False,True,True,False
2026-06-15,穿肠刀（★ StatTrak™） | 致命紫罗兰 (久经沙场),★ StatTrak™ Gut Knife | Ultraviolet (Field-Tested),48.0,buff,475.0,,,0.11,True,False,True,False
2026-06-15,MP9 | 彩绘玻璃 (略有磨损),MP9 | Stained Glass (Minimal Wear),48.0,buff,817.0,,,-9.3,False,True,True,False
2026-06-15,P250 | 多面体 (崭新出厂),P250 | Facets (Factory New),48.0,buff,298.0,,,-11.41,False,True,True,False
2026-06-15,AK-47 | 黑色层压板 (崭新出厂),AK-47 | Black Laminate (Factory New),48.0,buff,1806.0,,,11.6,False,True,True,False
2026-06-15,P2000 | 海之泡沫 (略有磨损),P2000 | Ocean Foam (Minimal Wear),48.0,buff,944.0,,,-16.95,False,True,True,False
2026-06-15,猎杀者匕首（★） | 蓝钢 (略有磨损),★ Huntsman Knife | Blue Steel (Minimal Wear),48.0,buff,957.0,,,6.79,False,True,True,False
2026-06-15,P2000 | 草原落叶 (久经沙场),P2000 | Grassland Leaves (Field-Tested),48.0,buff,41.48,,,4.7,False,True,True,False
2026-06-15,穿肠刀（★ StatTrak™） | 枯焦之色 (久经沙场),★ StatTrak™ Gut Knife | Scorched (Field-Tested),48.0,buff,518.0,,,-1.64,True,False,True,False
2026-06-15,双持贝瑞塔 | 报应 (略有磨损),Dual Berettas | Retribution (Minimal Wear),48.0,buff,26.85,,,-2.61,False,True,True,False
2026-06-15,折刀（★ StatTrak™） | 北方森林 (久经沙场),★ StatTrak™ Navaja Knife | Boreal Forest (Field-Tested),48.0,buff,418.0,,,1.2,True,False,True,False
2026-06-15,鲍伊猎刀（★ StatTrak™） | 狩猎网格 (久经沙场),★ StatTrak™ Bowie Knife | Safari Mesh (Field-Tested),48.0,buff,517.0,,,1.55,True,False,True,False
2026-06-15,MAC-10 | 绯红镂刻 (久经沙场),MAC-10 | Red Filigree (Field-Tested),48.0,buff,670.0,,,34.93,False,True,True,False
2026-06-15,弯刀（★ StatTrak™） | 狩猎网格 (久经沙场),★ StatTrak™ Falchion Knife | Safari Mesh (Field-Tested),48.0,buff,484.99,,,-7.83,True,False,True,False
2026-06-15,格洛克18型 | 合成叶 (久经沙场),Glock-18 | Synth Leaf (Field-Tested),48.0,buff,1859.0,,,7.91,False,True,True,False
2026-06-15,穿肠刀（★ StatTrak™） | 深红之网 (久经沙场),★ StatTrak™ Gut Knife | Crimson Web (Field-Tested),48.0,buff,684.0,,,-4.68,True,False,True,False
2026-06-15,鲍伊猎刀（★ StatTrak™） | 噩梦之夜 (久经沙场),★ StatTrak™ Bowie Knife | Night (Field-Tested),48.0,buff,636.0,,,-1.73,False,True,True,False
2026-06-15,AUG | 璞玉 (久经沙场),AUG | Carved Jade (Field-Tested),48.0,buff,149.0,,,-22.15,False,True,True,False
2026-06-15,九头蛇手套（★） | 翡翠色调 (崭新出厂),★ Hydra Gloves | Emerald (Factory New),48.0,buff,1125.0,,,-1.42,True,False,True,False
2026-06-15,M4A4 | 现代猎手 (略有磨损),M4A4 | Modern Hunter (Minimal Wear),46.4,buff,780.0,,,5.9,False,True,True,False
2026-06-15,骷髅匕首（★） | 狩猎网格 (崭新出厂),★ Skeleton Knife | Safari Mesh (Factory New),45.9,buff,1457.0,,,9.27,False,True,True,False
2026-06-15,穿肠刀（★ StatTrak™） | 噩梦之夜 (久经沙场),★ StatTrak™ Gut Knife | Night (Field-Tested),45.3,buff,466.46,,,5.25,False,True,True,False
2026-06-15,系绳匕首（★ StatTrak™） | 枯焦之色 (久经沙场),★ StatTrak™ Paracord Knife | Scorched (Field-Tested),44.3,buff,430.99,,,-8.23,False,True,True,False
2026-06-15,求生匕首（★ StatTrak™） | 狩猎网格 (略有磨损),★ StatTrak™ Survival Knife | Safari Mesh (Minimal Wear),42.8,buff,439.0,,,-5.69,False,True,True,False
2026-06-17,XM1014 | 辐射警告 (略有磨损),XM1014 | Fallout Warning (Minimal Wear),48.0,buff,189.0,,,8.47,False,True,True,False
2026-06-17,求生匕首（★ StatTrak™） | 狩猎网格 (略有磨损),★ StatTrak™ Survival Knife | Safari Mesh (Minimal Wear),48.0,buff,399.0,,,3.76,False,True,True,False
2026-06-17,双持贝瑞塔 | 报应 (略有磨损),Dual Berettas | Retribution (Minimal Wear),48.0,buff,33.98,,,-23.04,True,False,True,False
2026-06-17,M4A4 | 渐变斑纹 (久经沙场),M4A4 | Faded Zebra (Field-Tested),48.0,buff,61.07,,,-17.37,False,True,True,False
2026-06-17,鲍伊猎刀（★ StatTrak™） | 都市伪装 (久经沙场),★ StatTrak™ Bowie Knife | Urban Masked (Field-Tested),48.0,buff,486.0,,,-5.25,True,False,True,False
2026-06-17,折刀（★ StatTrak™） | 夜色 (久经沙场),★ StatTrak™ Navaja Knife | Night Stripe (Field-Tested),48.0,buff,374.0,,,5.61,False,True,True,False
2026-06-17,弯刀（★ StatTrak™） | 大马士革钢 (久经沙场),★ StatTrak™ Falchion Knife | Damascus Steel (Field-Tested),48.0,buff,813.0,,,-5.78,True,False,True,False
2026-06-17,P90 | 星辰巨蟒 (略有磨损),P90 | Astral Jörmungandr (Minimal Wear),48.0,buff,2521.0,,,-7.28,False,True,True,False
2026-06-17,穿肠刀（★ StatTrak™） | 致命紫罗兰 (久经沙场),★ StatTrak™ Gut Knife | Ultraviolet (Field-Tested),48.0,buff,473.0,,,0.53,True,False,True,False
2026-06-17,MP9 | 彩绘玻璃 (略有磨损),MP9 | Stained Glass (Minimal Wear),48.0,buff,809.0,,,-8.41,False,True,True,False
2026-06-17,P250 | 多面体 (崭新出厂),P250 | Facets (Factory New),48.0,buff,316.0,,,-16.46,False,False,True,False
2026-06-17,AK-47 | 黑色层压板 (崭新出厂),AK-47 | Black Laminate (Factory New),48.0,buff,1772.0,,,13.74,False,True,True,False
2026-06-17,P2000 | 海之泡沫 (略有磨损),P2000 | Ocean Foam (Minimal Wear),48.0,buff,911.0,,,-13.94,False,True,True,False
2026-06-17,FN57 | 氮化处理 (久经沙场),Five-SeveN | Nitro (Field-Tested),48.0,buff,200.0,,,-4.0,False,True,True,False
2026-06-17,猎杀者匕首（★） | 蓝钢 (略有磨损),★ Huntsman Knife | Blue Steel (Minimal Wear),48.0,buff,957.0,,,6.79,False,True,True,False
2026-06-17,穿肠刀（★ StatTrak™） | 枯焦之色 (久经沙场),★ StatTrak™ Gut Knife | Scorched (Field-Tested),48.0,buff,507.0,,,0.49,True,False,True,False
2026-06-17,鲍伊猎刀（★ StatTrak™） | 狩猎网格 (久经沙场),★ StatTrak™ Bowie Knife | Safari Mesh (Field-Tested),48.0,buff,517.0,,,1.55,True,False,True,False
2026-06-17,Tec-9 | 骨化之色 (略有磨损),Tec-9 | Ossified (Minimal Wear),48.0,buff,174.0,,,-16.67,False,True,True,False
2026-06-17,MAC-10 | 绯红镂刻 (久经沙场),MAC-10 | Red Filigree (Field-Tested),48.0,buff,663.0,,,36.35,False,True,True,False
2026-06-17,弯刀（★ StatTrak™） | 狩猎网格 (久经沙场),★ StatTrak™ Falchion Knife | Safari Mesh (Field-Tested),48.0,buff,480.99,,,-7.07,False,True,True,False
2026-06-17,双持贝瑞塔 | 报应 (崭新出厂),Dual Berettas | Retribution (Factory New),48.0,buff,39.61,,,7.7,False,True,True,False
2026-06-17,弯刀（★ StatTrak™） | 枯焦之色 (久经沙场),★ StatTrak™ Falchion Knife | Scorched (Field-Tested),48.0,buff,598.0,,,-1.92,True,False,True,False
2026-06-17,M4A4 | 现代猎手 (略有磨损),M4A4 | Modern Hunter (Minimal Wear),48.0,buff,833.0,,,-0.84,False,True,True,False
2026-06-17,穿肠刀（★ StatTrak™） | 深红之网 (久经沙场),★ StatTrak™ Gut Knife | Crimson Web (Field-Tested),48.0,buff,689.0,,,-5.37,True,False,True,False
2026-06-17,鲍伊猎刀（★ StatTrak™） | 噩梦之夜 (久经沙场),★ StatTrak™ Bowie Knife | Night (Field-Tested),48.0,buff,631.0,,,-0.95,False,True,True,False
2026-06-17,AUG | 璞玉 (久经沙场),AUG | Carved Jade (Field-Tested),48.0,buff,124.0,,,-6.45,False,True,True,False
2026-06-17,九头蛇手套（★） | 翡翠色调 (崭新出厂),★ Hydra Gloves | Emerald (Factory New),48.0,buff,1059.0,,,4.72,True,False,True,False
2026-06-17,骷髅匕首（★） | 狩猎网格 (崭新出厂),★ Skeleton Knife | Safari Mesh (Factory New),46.6,buff,1442.0,,,10.4,False,True,True,False
2026-06-17,系绳匕首（★ StatTrak™） | 蓝钢 (久经沙场),★ StatTrak™ Paracord Knife | Blue Steel (Field-Tested),45.8,buff,749.0,,,-10.95,True,False,True,False
2026-06-17,系绳匕首（★ StatTrak™） | 枯焦之色 (久经沙场),★ StatTrak™ Paracord Knife | Scorched (Field-Tested),45.2,buff,427.99,,,-7.59,False,True,True,False
2026-06-18,FN57 | 氮化处理 (久经沙场),Five-SeveN | Nitro (Field-Tested),48.0,buff,200.0,,,-8.67,False,True,True,False
2026-06-18,求生匕首（★ StatTrak™） | 狩猎网格 (略有磨损),★ StatTrak™ Survival Knife | Safari Mesh (Minimal Wear),48.0,buff,397.0,,,4.11,False,True,True,False
2026-06-18,双持贝瑞塔 | 报应 (略有磨损),Dual Berettas | Retribution (Minimal Wear),48.0,buff,31.14,,,-16.05,False,True,True,False
2026-06-18,鲍伊猎刀（★ StatTrak™） | 都市伪装 (久经沙场),★ StatTrak™ Bowie Knife | Urban Masked (Field-Tested),48.0,buff,483.0,,,-3.73,True,False,True,False
2026-06-18,鲍伊猎刀（★ StatTrak™） | 狩猎网格 (久经沙场),★ StatTrak™ Bowie Knife | Safari Mesh (Field-Tested),48.0,buff,515.0,,,-0.78,True,False,True,False
2026-06-18,Tec-9 | 骨化之色 (略有磨损),Tec-9 | Ossified (Minimal Wear),48.0,buff,181.0,,,-24.13,False,True,True,False
2026-06-18,弯刀（★ StatTrak™） | 大马士革钢 (久经沙场),★ StatTrak™ Falchion Knife | Damascus Steel (Field-Tested),48.0,buff,813.0,,,-5.78,True,False,True,False
2026-06-18,MAC-10 | 绯红镂刻 (久经沙场),MAC-10 | Red Filigree (Field-Tested),48.0,buff,663.0,,,37.56,False,True,True,False
2026-06-18,内格夫 | 基础建设 (久经沙场),Negev | Infrastructure (Field-Tested),48.0,buff,48.58,,,-14.49,False,True,True,False
2026-06-18,弯刀（★ StatTrak™） | 狩猎网格 (久经沙场),★ StatTrak™ Falchion Knife | Safari Mesh (Field-Tested),48.0,buff,476.99,,,-7.55,False,True,True,False
2026-06-18,双持贝瑞塔 | 报应 (崭新出厂),Dual Berettas | Retribution (Factory New),48.0,buff,39.61,,,58.08,False,True,True,False
2026-06-18,弯刀（★ StatTrak™） | 枯焦之色 (久经沙场),★ StatTrak™ Falchion Knife | Scorched (Field-Tested),48.0,buff,598.0,,,1.95,True,False,True,False
2026-06-18,M4A4 | 现代猎手 (略有磨损),M4A4 | Modern Hunter (Minimal Wear),48.0,buff,833.0,,,-7.68,False,True,True,False
2026-06-18,穿肠刀（★ StatTrak™） | 深红之网 (久经沙场),★ StatTrak™ Gut Knife | Crimson Web (Field-Tested),48.0,buff,689.0,,,-5.66,True,False,True,False
2026-06-18,鲍伊猎刀（★ StatTrak™） | 噩梦之夜 (久经沙场),★ StatTrak™ Bowie Knife | Night (Field-Tested),48.0,buff,631.0,,,0.63,True,False,True,False
2026-06-18,AUG | 璞玉 (久经沙场),AUG | Carved Jade (Field-Tested),48.0,buff,124.0,,,-12.9,False,False,True,False
2026-06-18,猎杀者匕首（★） | 蓝钢 (略有磨损),★ Huntsman Knife | Blue Steel (Minimal Wear),48.0,buff,956.0,,,6.9,False,True,True,False
2026-06-18,P2000 | 草原落叶 (久经沙场),P2000 | Grassland Leaves (Field-Tested),48.0,buff,41.89,,,3.56,False,True,True,False
2026-06-18,穿肠刀（★ StatTrak™） | 枯焦之色 (久经沙场),★ StatTrak™ Gut Knife | Scorched (Field-Tested),48.0,buff,502.0,,,0.86,False,True,True,False
2026-06-18,M4A4 | 渐变斑纹 (久经沙场),M4A4 | Faded Zebra (Field-Tested),48.0,buff,61.36,,,-21.01,False,True,True,False
2026-06-18,折刀（★ StatTrak™） | 夜色 (久经沙场),★ StatTrak™ Navaja Knife | Night Stripe (Field-Tested),48.0,buff,373.0,,,4.74,False,True,True,False
2026-06-18,P90 | 星辰巨蟒 (略有磨损),P90 | Astral Jörmungandr (Minimal Wear),48.0,buff,2508.0,,,-10.96,False,True,True,False
2026-06-18,MP9 | 彩绘玻璃 (略有磨损),MP9 | Stained Glass (Minimal Wear),48.0,buff,808.0,,,-6.19,False,True,True,False
2026-06-18,P2000 | 海之泡沫 (略有磨损),P2000 | Ocean Foam (Minimal Wear),48.0,buff,875.0,,,-10.4,False,True,True,False
2026-06-18,熊刀（★ StatTrak™） | 虎牙 (略有磨损),★ StatTrak™ Ursus Knife | Tiger Tooth (Minimal Wear),47.5,buff,1678.0,,,0.0,False,True,True,False
2026-06-18,折叠刀（★ StatTrak™） | 森林 DDPAT (略有磨损),★ StatTrak™ Flip Knife | Forest DDPAT (Minimal Wear),47.3,buff,1001.0,,,16.28,False,False,True,False
2026-06-18,折刀（★ StatTrak™） | 北方森林 (略有磨损),★ StatTrak™ Navaja Knife | Boreal Forest (Minimal Wear),46.2,buff,469.0,,,-4.58,False,False,True,False
2026-06-18,系绳匕首（★ StatTrak™） | 蓝钢 (久经沙场),★ StatTrak™ Paracord Knife | Blue Steel (Field-Tested),45.4,buff,751.0,,,-9.46,True,False,True,False
2026-06-18,穿肠刀（★ StatTrak™） | 致命紫罗兰 (久经沙场),★ StatTrak™ Gut Knife | Ultraviolet (Field-Tested),45.4,buff,494.0,,,-3.74,True,False,True,False
2026-06-19,MP9 | 赤红新星 (略有磨损),MP9 | Hot Rod (Minimal Wear),48.0,buff,1288.0,,16.95,2.56,False,True,True,False
2026-06-19,求生匕首（★ StatTrak™） | 狩猎网格 (略有磨损),★ StatTrak™ Survival Knife | Safari Mesh (Minimal Wear),48.0,buff,397.0,,-1.57,4.11,False,True,True,False
2026-06-19,猎杀者匕首（★） | 蓝钢 (崭新出厂),★ Huntsman Knife | Blue Steel (Factory New),48.0,buff,2645.0,,3.53,,False,False,True,False
2026-06-19,P2000 | 草原落叶 (久经沙场),P2000 | Grassland Leaves (Field-Tested),48.0,buff,41.27,,14.41,5.12,False,True,True,False
2026-06-19,穿肠刀（★ StatTrak™） | 枯焦之色 (久经沙场),★ StatTrak™ Gut Knife | Scorched (Field-Tested),48.0,buff,480.0,,20.78,5.49,False,True,True,False
2026-06-19,双持贝瑞塔 | 报应 (略有磨损),Dual Berettas | Retribution (Minimal Wear),48.0,buff,30.95,,-8.32,-15.53,False,True,True,False
2026-06-19,R8左轮手枪 | 渐变琥珀 (崭新出厂),R8 Revolver | Amber Fade (Factory New),48.0,buff,65.84,,-3.44,-11.92,False,True,True,False
2026-06-19,M4A4 | 渐变斑纹 (久经沙场),M4A4 | Faded Zebra (Field-Tested),48.0,buff,55.49,,-5.17,-12.66,False,True,True,False
2026-06-19,P250 | 狂野飞溅 (久经沙场),P250 | Splash (Field-Tested),48.0,buff,150.0,,-16.0,-9.56,False,True,True,False
2026-06-19,MAC-10 | 绯红镂刻 (久经沙场),MAC-10 | Red Filigree (Field-Tested),48.0,buff,663.0,,12.52,37.56,False,True,True,False
2026-06-19,双持贝瑞塔 | 报应 (崭新出厂),Dual Berettas | Retribution (Factory New),48.0,buff,39.61,,-5.6,58.08,False,True,True,False
2026-06-19,弯刀（★ StatTrak™） | 枯焦之色 (久经沙场),★ StatTrak™ Falchion Knife | Scorched (Field-Tested),48.0,buff,598.0,,-1.13,1.95,True,False,True,False
2026-06-19,P90 | 星辰巨蟒 (略有磨损),P90 | Astral Jörmungandr (Minimal Wear),48.0,buff,2339.0,,4.23,-4.53,False,True,True,False
2026-06-19,M4A4 | 现代猎手 (略有磨损),M4A4 | Modern Hunter (Minimal Wear),48.0,buff,833.0,,-3.96,-7.68,False,True,True,False
2026-06-19,穿肠刀（★ StatTrak™） | 深红之网 (久经沙场),★ StatTrak™ Gut Knife | Crimson Web (Field-Tested),48.0,buff,689.0,,0.15,-5.66,False,True,True,False
2026-06-19,鲍伊猎刀（★ StatTrak™） | 噩梦之夜 (久经沙场),★ StatTrak™ Bowie Knife | Night (Field-Tested),48.0,buff,651.0,,-4.88,-2.46,False,True,True,False
2026-06-19,AUG | 璞玉 (久经沙场),AUG | Carved Jade (Field-Tested),48.0,buff,124.0,,-12.1,-12.9,False,True,True,False
2026-06-19,FN57 | 氮化处理 (久经沙场),Five-SeveN | Nitro (Field-Tested),48.0,buff,203.0,,4.8,-10.02,False,True,True,False
2026-06-19,XM1014 | 辐射警告 (略有磨损),XM1014 | Fallout Warning (Minimal Wear),48.0,buff,189.0,,11.11,-2.91,False,True,True,False
2026-06-19,猎杀者匕首（★） | 蓝钢 (略有磨损),★ Huntsman Knife | Blue Steel (Minimal Wear),48.0,buff,955.0,,6.94,7.02,False,True,True,False
2026-06-19,鲍伊猎刀（★ StatTrak™） | 都市伪装 (久经沙场),★ StatTrak™ Bowie Knife | Urban Masked (Field-Tested),48.0,buff,493.0,,-1.24,-5.68,True,False,True,False
2026-06-19,折刀（★ StatTrak™） | 夜色 (久经沙场),★ StatTrak™ Navaja Knife | Night Stripe (Field-Tested),48.0,buff,412.0,,-7.13,-5.18,True,False,True,False
2026-06-19,鲍伊猎刀（★ StatTrak™） | 狩猎网格 (久经沙场),★ StatTrak™ Bowie Knife | Safari Mesh (Field-Tested),48.0,buff,513.0,,-2.14,-0.39,False,True,True,False
2026-06-19,Tec-9 | 骨化之色 (略有磨损),Tec-9 | Ossified (Minimal Wear),48.0,buff,178.0,,-12.08,-22.85,False,True,True,False
2026-06-19,弯刀（★ StatTrak™） | 大马士革钢 (久经沙场),★ StatTrak™ Falchion Knife | Damascus Steel (Field-Tested),48.0,buff,813.0,,-3.81,-5.78,True,False,True,False
2026-06-19,内格夫 | 基础建设 (久经沙场),Negev | Infrastructure (Field-Tested),48.0,buff,46.0,,-8.95,-9.7,False,True,True,False
2026-06-19,弯刀（★ StatTrak™） | 狩猎网格 (久经沙场),★ StatTrak™ Falchion Knife | Safari Mesh (Field-Tested),48.0,buff,476.99,,-4.19,-7.55,False,True,True,False
2026-06-19,MP9 | 彩绘玻璃 (略有磨损),MP9 | Stained Glass (Minimal Wear),48.0,buff,809.0,,-2.47,-6.3,False,True,True,False
2026-06-19,P250 | 多面体 (崭新出厂),P250 | Facets (Factory New),48.0,buff,316.0,,0.47,-17.09,False,True,True,False
2026-06-19,P2000 | 海之泡沫 (略有磨损),P2000 | Ocean Foam (Minimal Wear),48.0,buff,949.0,,-15.25,-17.39,False,True,True,False
2026-06-20,求生匕首（★ StatTrak™） | 狩猎网格 (略有磨损),★ StatTrak™ Survival Knife | Safari Mesh (Minimal Wear),48.0,buff,396.0,,-1.33,5.05,False,True,True,False
2026-06-20,折刀（★） | 虎牙 (略有磨损),★ Navaja Knife | Tiger Tooth (Minimal Wear),48.0,buff,564.99,,6.73,5.84,False,True,True,False
2026-06-20,P2000 | 草原落叶 (久经沙场),P2000 | Grassland Leaves (Field-Tested),48.0,buff,41.55,,13.63,4.33,False,True,True,False
2026-06-20,鲍伊猎刀（★ StatTrak™） | 森林 DDPAT (久经沙场),★ StatTrak™ Bowie Knife | Forest DDPAT (Field-Tested),48.0,buff,550.0,,-10.36,-2.91,True,False,True,False
2026-06-20,鲍伊猎刀（★ StatTrak™） | 都市伪装 (久经沙场),★ StatTrak™ Bowie Knife | Urban Masked (Field-Tested),48.0,buff,506.0,,-3.78,-11.66,True,False,True,False
2026-06-20,Tec-9 | 骨化之色 (略有磨损),Tec-9 | Ossified (Minimal Wear),48.0,buff,171.0,,-8.48,-19.88,False,True,True,False
2026-06-20,SG 553 | 辐射警告 (久经沙场),SG 553 | Fallout Warning (Field-Tested),48.0,buff,27.71,,-13.86,-16.17,False,True,True,False
2026-06-20,穿肠刀（★ StatTrak™） | 深红之网 (久经沙场),★ StatTrak™ Gut Knife | Crimson Web (Field-Tested),48.0,buff,693.0,,-0.43,-6.49,True,False,True,False
2026-06-20,SG 553 | 玩命职场 (久经沙场),SG 553 | Hazard Pay (Field-Tested),48.0,buff,1134.0,,6.53,4.32,False,True,True,False
2026-06-20,AUG | 璞玉 (久经沙场),AUG | Carved Jade (Field-Tested),48.0,buff,124.0,,-12.1,-11.29,False,True,True,False
2026-06-20,熊刀（★ StatTrak™） | 表面淬火 (久经沙场),★ StatTrak™ Ursus Knife | Case Hardened (Field-Tested),48.0,buff,941.0,,11.42,4.57,False,True,True,False
2026-06-20,FN57 | 氮化处理 (久经沙场),Five-SeveN | Nitro (Field-Tested),48.0,buff,203.0,,4.8,-12.81,False,True,True,False
2026-06-20,XM1014 | 辐射警告 (略有磨损),XM1014 | Fallout Warning (Minimal Wear),48.0,buff,193.0,,8.81,-4.92,False,True,True,False
2026-06-20,截短霰弹枪 | 至高皮革 (略有磨损),Sawed-Off | First Class (Minimal Wear),48.0,buff,253.0,,,-7.91,False,True,True,False
2026-06-20,UMP-45 | 炽烈之炎 (略有磨损),UMP-45 | Blaze (Minimal Wear),48.0,buff,325.0,,4.31,-0.92,False,True,True,False
2026-06-20,折刀（★ StatTrak™） | 夜色 (久经沙场),★ StatTrak™ Navaja Knife | Night Stripe (Field-Tested),48.0,buff,412.0,,-7.13,-9.47,True,False,True,False
2026-06-20,P250 | 狂野飞溅 (久经沙场),P250 | Splash (Field-Tested),48.0,buff,148.0,,-14.86,-12.16,False,True,True,False
2026-06-20,弯刀（★ StatTrak™） | 狩猎网格 (久经沙场),★ StatTrak™ Falchion Knife | Safari Mesh (Field-Tested),48.0,buff,476.99,,-4.19,-14.88,False,True,True,False
2026-06-20,双持贝瑞塔 | 报应 (崭新出厂),Dual Berettas | Retribution (Factory New),48.0,buff,39.61,,-5.6,13.78,False,True,True,False
2026-06-20,弯刀（★ StatTrak™） | 枯焦之色 (久经沙场),★ StatTrak™ Falchion Knife | Scorched (Field-Tested),48.0,buff,598.0,,-1.13,-2.51,True,False,True,False
2026-06-20,穿肠刀（★ StatTrak™） | 致命紫罗兰 (久经沙场),★ StatTrak™ Gut Knife | Ultraviolet (Field-Tested),48.0,buff,494.0,,4.35,-3.34,True,False,True,False
2026-06-20,内格夫 | 基础建设 (略有磨损),Negev | Infrastructure (Minimal Wear),48.0,buff,49.14,,-21.81,-25.5,False,True,True,False
2026-06-20,P250 | 多面体 (崭新出厂),P250 | Facets (Factory New),48.0,buff,316.0,,0.47,-16.77,False,True,True,False
2026-06-20,P2000 | 海之泡沫 (略有磨损),P2000 | Ocean Foam (Minimal Wear),48.0,buff,938.0,,-14.26,-18.55,False,True,True,False
2026-06-20,熊刀（★ StatTrak™） | 虎牙 (略有磨损),★ StatTrak™ Ursus Knife | Tiger Tooth (Minimal Wear),47.5,buff,1678.0,,0.0,0.0,False,True,True,False
2026-06-20,折叠刀（★ StatTrak™） | 森林 DDPAT (略有磨损),★ StatTrak™ Flip Knife | Forest DDPAT (Minimal Wear),47.3,buff,1001.0,,-9.59,16.28,False,False,True,False
2026-06-20,双持贝瑞塔 | 报应 (久经沙场),Dual Berettas | Retribution (Field-Tested),47.3,buff,34.22,,-32.82,-43.02,False,True,True,False
2026-06-20,鲍伊猎刀（★ StatTrak™） | 噩梦之夜 (久经沙场),★ StatTrak™ Bowie Knife | Night (Field-Tested),47.3,buff,668.0,,-7.3,-3.89,False,True,True,False
2026-06-20,猎杀者匕首（★） | 蓝钢 (略有磨损),★ Huntsman Knife | Blue Steel (Minimal Wear),46.0,buff,943.0,,8.3,8.38,False,True,True,False
2026-06-20,MP9 | 赤红新星 (略有磨损),MP9 | Hot Rod (Minimal Wear),45.8,buff,1412.0,,6.68,-6.44,False,True,True,False
2026-06-21,求生匕首（★ StatTrak™） | 狩猎网格 (略有磨损),★ StatTrak™ Survival Knife | Safari Mesh (Minimal Wear),48.0,buff,415.0,,-5.84,0.24,False,True,True,False
2026-06-21,UMP-45 | 炽烈之炎 (略有磨损),UMP-45 | Blaze (Minimal Wear),48.0,buff,325.0,,4.31,-0.92,False,True,True,False
2026-06-21,折刀（★） | 虎牙 (略有磨损),★ Navaja Knife | Tiger Tooth (Minimal Wear),48.0,buff,565.0,,6.73,5.84,False,True,True,False
2026-06-21,P2000 | 草原落叶 (久经沙场),P2000 | Grassland Leaves (Field-Tested),48.0,buff,41.55,,13.63,4.33,False,True,True,False
2026-06-21,弯刀（★ StatTrak™） | 噩梦之夜 (久经沙场),★ StatTrak™ Falchion Knife | Night (Field-Tested),48.0,buff,761.0,,,4.73,True,False,True,False
2026-06-21,鲍伊猎刀（★ StatTrak™） | 都市伪装 (久经沙场),★ StatTrak™ Bowie Knife | Urban Masked (Field-Tested),48.0,buff,471.0,,3.37,-5.1,False,True,True,False
2026-06-21,折刀（★ StatTrak™） | 夜色 (久经沙场),★ StatTrak™ Navaja Knife | Night Stripe (Field-Tested),48.0,buff,404.0,,-5.29,-7.68,True,False,True,False
2026-06-21,P250 | 狂野飞溅 (久经沙场),P250 | Splash (Field-Tested),48.0,buff,138.0,,-8.7,-5.8,False,True,True,False
2026-06-21,弯刀（★ StatTrak™） | 狩猎网格 (久经沙场),★ StatTrak™ Falchion Knife | Safari Mesh (Field-Tested),48.0,buff,476.99,,-4.19,-14.88,False,True,True,False
2026-06-21,SG 553 | 辐射警告 (久经沙场),SG 553 | Fallout Warning (Field-Tested),48.0,buff,27.25,,-12.4,-14.75,False,True,True,False
2026-06-21,穿肠刀（★ StatTrak™） | 致命紫罗兰 (久经沙场),★ StatTrak™ Gut Knife | Ultraviolet (Field-Tested),48.0,buff,494.0,,4.35,-3.34,True,False,True,False
2026-06-21,M4A4 | 现代猎手 (略有磨损),M4A4 | Modern Hunter (Minimal Wear),48.0,buff,833.0,,-3.96,2.04,False,True,True,False
2026-06-21,穿肠刀（★ StatTrak™） | 深红之网 (久经沙场),★ StatTrak™ Gut Knife | Crimson Web (Field-Tested),48.0,buff,689.0,,0.15,-5.95,True,False,True,False
2026-06-21,SG 553 | 玩命职场 (久经沙场),SG 553 | Hazard Pay (Field-Tested),48.0,buff,1134.0,,6.53,4.32,True,False,True,False
2026-06-21,鲍伊猎刀（★ StatTrak™） | 噩梦之夜 (久经沙场),★ StatTrak™ Bowie Knife | Night (Field-Tested),48.0,buff,659.0,,-6.03,-2.58,False,True,True,False
2026-06-21,AUG | 璞玉 (久经沙场),AUG | Carved Jade (Field-Tested),48.0,buff,124.0,,-12.1,-11.29,False,True,True,False
2026-06-21,熊刀（★ StatTrak™） | 表面淬火 (久经沙场),★ StatTrak™ Ursus Knife | Case Hardened (Field-Tested),48.0,buff,941.0,,11.42,4.57,True,False,True,False
2026-06-21,暗影双匕（★） | 渐变大理石 (略有磨损),★ Shadow Daggers | Marble Fade (Minimal Wear),48.0,buff,914.0,,-7.44,-11.05,False,True,True,False
2026-06-21,猎杀者匕首（★ StatTrak™）,★ StatTrak™ Huntsman Knife,48.0,buff,1158.0,,2.55,3.45,False,True,True,False
2026-06-21,FN57 | 氮化处理 (久经沙场),Five-SeveN | Nitro (Field-Tested),48.0,buff,203.0,,4.8,-12.81,False,True,True,False
2026-06-21,XM1014 | 辐射警告 (略有磨损),XM1014 | Fallout Warning (Minimal Wear),48.0,buff,189.0,,11.11,-2.91,False,True,True,False
2026-06-21,截短霰弹枪 | 至高皮革 (略有磨损),Sawed-Off | First Class (Minimal Wear),48.0,buff,222.0,,,4.95,False,True,True,False
2026-06-21,鲍伊猎刀（★ StatTrak™） | 森林 DDPAT (久经沙场),★ StatTrak™ Bowie Knife | Forest DDPAT (Field-Tested),48.0,buff,550.0,,-10.36,-2.91,False,True,True,False
2026-06-21,双持贝瑞塔 | 报应 (久经沙场),Dual Berettas | Retribution (Field-Tested),48.0,buff,32.97,,-30.27,-40.86,False,True,True,False
2026-06-21,Tec-9 | 骨化之色 (略有磨损),Tec-9 | Ossified (Minimal Wear),48.0,buff,166.0,,-5.72,-17.47,True,False,True,False
2026-06-21,MAC-10 | 绯红镂刻 (久经沙场),MAC-10 | Red Filigree (Field-Tested),48.0,buff,663.0,,12.52,40.72,False,True,True,False
2026-06-21,双持贝瑞塔 | 报应 (崭新出厂),Dual Berettas | Retribution (Factory New),48.0,buff,39.61,,-5.6,13.78,False,True,True,False
2026-06-21,弯刀（★ StatTrak™） | 枯焦之色 (久经沙场),★ StatTrak™ Falchion Knife | Scorched (Field-Tested),48.0,buff,598.0,,-1.13,-2.51,True,False,True,False
2026-06-21,P90 | 星辰巨蟒 (略有磨损),P90 | Astral Jörmungandr (Minimal Wear),48.0,buff,2093.0,,16.48,6.69,False,True,True,False
2026-06-21,内格夫 | 基础建设 (略有磨损),Negev | Infrastructure (Minimal Wear),48.0,buff,45.1,,-14.8,-18.82,False,True,True,False
2026-06-22,FN57 | 氮化处理 (久经沙场),Five-SeveN | Nitro (Field-Tested),48.0,buff,202.0,,5.32,-12.38,True,False,True,False
2026-06-22,XM1014 | 辐射警告 (略有磨损),XM1014 | Fallout Warning (Minimal Wear),48.0,buff,189.0,,11.11,-2.91,False,True,True,False
2026-06-22,求生匕首（★ StatTrak™） | 狩猎网格 (略有磨损),★ StatTrak™ Survival Knife | Safari Mesh (Minimal Wear),48.0,buff,413.0,,-5.39,0.73,False,True,True,False
2026-06-22,UMP-45 | 炽烈之炎 (略有磨损),UMP-45 | Blaze (Minimal Wear),48.0,buff,291.0,,16.49,10.65,False,True,True,False
2026-06-22,双持贝瑞塔 | 报应 (略有磨损),Dual Berettas | Retribution (Minimal Wear),48.0,buff,33.29,,-14.76,-22.26,True,False,True,False
2026-06-22,鲍伊猎刀（★ StatTrak™） | 森林 DDPAT (久经沙场),★ StatTrak™ Bowie Knife | Forest DDPAT (Field-Tested),48.0,buff,550.0,,-10.36,-2.91,True,False,True,False
2026-06-22,弯刀（★ StatTrak™） | 噩梦之夜 (久经沙场),★ StatTrak™ Falchion Knife | Night (Field-Tested),48.0,buff,761.0,,,4.73,True,False,True,False
2026-06-22,鲍伊猎刀（★ StatTrak™） | 都市伪装 (久经沙场),★ StatTrak™ Bowie Knife | Urban Masked (Field-Tested),48.0,buff,479.0,,1.64,-6.68,True,False,True,False
2026-06-22,折刀（★ StatTrak™） | 夜色 (久经沙场),★ StatTrak™ Navaja Knife | Night Stripe (Field-Tested),48.0,buff,397.0,,-3.62,-6.05,True,False,True,False
2026-06-22,P250 | 狂野飞溅 (久经沙场),P250 | Splash (Field-Tested),48.0,buff,137.0,,-8.03,-5.11,False,True,True,False
2026-06-22,SCAR-20 | 暴风呼啸 (略有磨损),SCAR-20 | Storm (Minimal Wear),48.0,buff,23.45,,67.62,54.67,True,False,True,False
2026-06-22,MAC-10 | 绯红镂刻 (久经沙场),MAC-10 | Red Filigree (Field-Tested),48.0,buff,656.0,,13.72,42.23,False,True,True,False
2026-06-22,SG 553 | 辐射警告 (久经沙场),SG 553 | Fallout Warning (Field-Tested),48.0,buff,27.14,,-12.05,-14.41,False,True,True,False
2026-06-22,双持贝瑞塔 | 报应 (崭新出厂),Dual Berettas | Retribution (Factory New),48.0,buff,39.61,,-5.6,13.78,False,True,True,False
2026-06-22,弯刀（★ StatTrak™） | 枯焦之色 (久经沙场),★ StatTrak™ Falchion Knife | Scorched (Field-Tested),48.0,buff,592.0,,-0.13,-1.52,True,False,True,False
2026-06-22,P90 | 星辰巨蟒 (略有磨损),P90 | Astral Jörmungandr (Minimal Wear),48.0,buff,1970.0,,23.76,13.35,False,True,True,False
2026-06-22,穿肠刀（★ StatTrak™） | 致命紫罗兰 (久经沙场),★ StatTrak™ Gut Knife | Ultraviolet (Field-Tested),48.0,buff,491.0,,4.99,-2.75,True,False,True,False
2026-06-22,M4A4 | 现代猎手 (略有磨损),M4A4 | Modern Hunter (Minimal Wear),48.0,buff,833.0,,-3.96,2.04,False,True,True,False
2026-06-22,穿肠刀（★ StatTrak™） | 深红之网 (久经沙场),★ StatTrak™ Gut Knife | Crimson Web (Field-Tested),48.0,buff,682.0,,1.17,-4.99,True,False,True,False
2026-06-22,SG 553 | 玩命职场 (久经沙场),SG 553 | Hazard Pay (Field-Tested),48.0,buff,1166.0,,3.6,1.46,True,False,True,False
2026-06-22,鲍伊猎刀（★ StatTrak™） | 噩梦之夜 (久经沙场),★ StatTrak™ Bowie Knife | Night (Field-Tested),48.0,buff,648.0,,-4.44,-0.93,False,True,True,False
2026-06-22,AUG | 璞玉 (久经沙场),AUG | Carved Jade (Field-Tested),48.0,buff,130.0,,-16.15,-15.38,False,True,True,False
2026-06-22,暗影双匕（★） | 渐变大理石 (略有磨损),★ Shadow Daggers | Marble Fade (Minimal Wear),48.0,buff,897.0,,-5.69,-9.36,True,False,True,False
2026-06-22,猎杀者匕首（★ StatTrak™）,★ StatTrak™ Huntsman Knife,48.0,buff,1139.0,,4.26,5.18,False,True,True,False
2026-06-22,截短霰弹枪 | 至高皮革 (略有磨损),Sawed-Off | First Class (Minimal Wear),48.0,buff,222.0,,,4.95,False,True,True,False
2026-06-22,折刀（★） | 虎牙 (略有磨损),★ Navaja Knife | Tiger Tooth (Minimal Wear),48.0,buff,565.0,,6.73,5.84,False,True,True,False
2026-06-22,熊刀（★ StatTrak™） | 虎牙 (略有磨损),★ StatTrak™ Ursus Knife | Tiger Tooth (Minimal Wear),48.0,buff,1637.0,,2.5,2.5,False,True,True,False
2026-06-22,双持贝瑞塔 | 报应 (久经沙场),Dual Berettas | Retribution (Field-Tested),48.0,buff,32.43,,-29.11,-39.87,False,True,True,False
2026-06-22,Tec-9 | 骨化之色 (略有磨损),Tec-9 | Ossified (Minimal Wear),48.0,buff,177.0,,-11.58,-22.6,True,False,True,False
2026-06-22,弯刀（★ StatTrak™） | 狩猎网格 (久经沙场),★ StatTrak™ Falchion Knife | Safari Mesh (Field-Tested),48.0,buff,476.74,,-4.14,-14.84,False,True,True,False
2026-06-23,FN57 | 氮化处理 (久经沙场),Five-SeveN | Nitro (Field-Tested),48.0,buff,198.0,,7.45,-8.59,True,False,True,False
2026-06-23,XM1014 | 辐射警告 (略有磨损),XM1014 | Fallout Warning (Minimal Wear),48.0,buff,189.0,,11.11,1.06,False,True,True,False
2026-06-23,求生匕首（★ StatTrak™） | 狩猎网格 (略有磨损),★ StatTrak™ Survival Knife | Safari Mesh (Minimal Wear),48.0,buff,414.0,,-5.62,0.48,True,False,True,False
2026-06-23,UMP-45 | 炽烈之炎 (略有磨损),UMP-45 | Blaze (Minimal Wear),48.0,buff,288.0,,17.71,9.38,False,True,True,False
2026-06-23,折刀（★） | 虎牙 (略有磨损),★ Navaja Knife | Tiger Tooth (Minimal Wear),48.0,buff,565.0,,6.73,5.31,False,True,True,False
2026-06-23,双持贝瑞塔 | 报应 (略有磨损),Dual Berettas | Retribution (Minimal Wear),48.0,buff,30.6,,-7.27,-18.59,True,False,True,False
2026-06-23,鲍伊猎刀（★ StatTrak™） | 森林 DDPAT (久经沙场),★ StatTrak™ Bowie Knife | Forest DDPAT (Field-Tested),48.0,buff,550.0,,-10.36,-3.91,True,False,True,False
2026-06-23,熊刀（★ StatTrak™） | 虎牙 (略有磨损),★ StatTrak™ Ursus Knife | Tiger Tooth (Minimal Wear),48.0,buff,1637.0,,2.5,2.5,False,True,True,False
2026-06-23,鲍伊猎刀（★ StatTrak™） | 都市伪装 (久经沙场),★ StatTrak™ Bowie Knife | Urban Masked (Field-Tested),48.0,buff,479.0,,1.64,0.73,True,False,True,False
2026-06-23,双持贝瑞塔 | 报应 (久经沙场),Dual Berettas | Retribution (Field-Tested),48.0,buff,30.34,,-24.23,-35.07,False,True,True,False
2026-06-23,折刀（★ StatTrak™） | 夜色 (久经沙场),★ StatTrak™ Navaja Knife | Night Stripe (Field-Tested),48.0,buff,397.0,,-3.62,-6.55,True,False,True,False
2026-06-23,P250 | 狂野飞溅 (久经沙场),P250 | Splash (Field-Tested),48.0,buff,138.0,,-8.7,-9.06,False,True,True,False
2026-06-23,Tec-9 | 骨化之色 (略有磨损),Tec-9 | Ossified (Minimal Wear),48.0,buff,171.0,,-8.48,-19.88,False,True,True,False
2026-06-23,MAC-10 | 绯红镂刻 (久经沙场),MAC-10 | Red Filigree (Field-Tested),48.0,buff,656.0,,13.72,42.15,False,True,True,False
2026-06-23,PP-野牛 | 碳素纤维 (略有磨损),PP-Bizon | Carbon Fiber (Minimal Wear),48.0,buff,49.33,,-23.94,-26.79,False,True,True,False
2026-06-23,弯刀（★ StatTrak™） | 狩猎网格 (久经沙场),★ StatTrak™ Falchion Knife | Safari Mesh (Field-Tested),48.0,buff,466.94,,-2.13,-8.55,False,True,True,False
2026-06-23,SG 553 | 辐射警告 (久经沙场),SG 553 | Fallout Warning (Field-Tested),48.0,buff,25.41,,-6.06,-18.79,False,True,True,False
2026-06-23,双持贝瑞塔 | 报应 (崭新出厂),Dual Berettas | Retribution (Factory New),48.0,buff,39.84,,-6.15,13.13,True,False,True,False
2026-06-23,弯刀（★ StatTrak™） | 枯焦之色 (久经沙场),★ StatTrak™ Falchion Knife | Scorched (Field-Tested),48.0,buff,592.0,,-0.13,-0.34,True,False,True,False
2026-06-23,CZ75自动型 | 花纹钢板 (久经沙场),CZ75-Auto | Tread Plate (Field-Tested),48.0,buff,30.58,,62.82,38.16,False,True,True,False
2026-06-23,P90 | 星辰巨蟒 (略有磨损),P90 | Astral Jörmungandr (Minimal Wear),48.0,buff,2053.0,,18.75,8.77,False,True,True,False
2026-06-23,穿肠刀（★ StatTrak™） | 致命紫罗兰 (久经沙场),★ StatTrak™ Gut Knife | Ultraviolet (Field-Tested),48.0,buff,486.0,,6.07,-1.75,True,False,True,False
2026-06-23,M4A4 | 现代猎手 (略有磨损),M4A4 | Modern Hunter (Minimal Wear),48.0,buff,833.0,,-3.96,1.08,False,True,True,False
2026-06-23,穿肠刀（★ StatTrak™） | 深红之网 (久经沙场),★ StatTrak™ Gut Knife | Crimson Web (Field-Tested),48.0,buff,682.0,,1.17,-4.99,False,True,True,False
2026-06-23,SG 553 | 玩命职场 (久经沙场),SG 553 | Hazard Pay (Field-Tested),48.0,buff,1166.0,,3.6,-9.91,True,False,True,False
2026-06-23,鲍伊猎刀（★ StatTrak™） | 噩梦之夜 (久经沙场),★ StatTrak™ Bowie Knife | Night (Field-Tested),48.0,buff,634.0,,-2.33,6.15,False,True,True,False
2026-06-23,AUG | 璞玉 (久经沙场),AUG | Carved Jade (Field-Tested),48.0,buff,130.0,,-16.15,-18.46,False,True,True,False
2026-06-23,暗影双匕（★） | 渐变大理石 (略有磨损),★ Shadow Daggers | Marble Fade (Minimal Wear),48.0,buff,894.0,,-5.37,-7.27,False,True,True,False
2026-06-23,猎杀者匕首（★ StatTrak™）,★ StatTrak™ Huntsman Knife,48.0,buff,1009.0,,17.69,17.94,False,True,True,False
2026-06-24,XM1014 | 辐射警告 (略有磨损),XM1014 | Fallout Warning (Minimal Wear),48.0,buff,190.0,,10.53,16.32,False,True,True,False
2026-06-24,折刀（★） | 虎牙 (略有磨损),★ Navaja Knife | Tiger Tooth (Minimal Wear),48.0,buff,565.0,,8.5,23.36,False,True,True,False
2026-06-24,弯刀（★ StatTrak™） | 噩梦之夜 (久经沙场),★ StatTrak™ Falchion Knife | Night (Field-Tested),48.0,buff,761.0,,,5.78,True,False,True,False
2026-06-24,鲍伊猎刀（★ StatTrak™） | 都市伪装 (久经沙场),★ StatTrak™ Bowie Knife | Urban Masked (Field-Tested),48.0,buff,479.0,,-1.46,-4.28,True,False,True,False
2026-06-24,双持贝瑞塔 | 报应 (久经沙场),Dual Berettas | Retribution (Field-Tested),48.0,buff,30.04,,-23.8,-34.42,False,True,True,False
2026-06-24,折刀（★ StatTrak™） | 夜色 (久经沙场),★ StatTrak™ Navaja Knife | Night Stripe (Field-Tested),48.0,buff,398.0,,-3.77,-7.29,True,False,True,False
2026-06-24,折刀（★ StatTrak™） | 北方森林 (略有磨损),★ StatTrak™ Navaja Knife | Boreal Forest (Minimal Wear),48.0,buff,425.0,,10.94,5.88,False,False,True,False
2026-06-24,P250 | 狂野飞溅 (久经沙场),P250 | Splash (Field-Tested),48.0,buff,139.0,,-1.44,-9.35,False,True,True,False
2026-06-24,Tec-9 | 骨化之色 (略有磨损),Tec-9 | Ossified (Minimal Wear),48.0,buff,160.0,,-2.5,-16.87,False,True,True,False
2026-06-24,PP-野牛 | 碳素纤维 (略有磨损),PP-Bizon | Carbon Fiber (Minimal Wear),48.0,buff,46.41,,17.3,-27.88,False,True,True,False
2026-06-24,SG 553 | 辐射警告 (久经沙场),SG 553 | Fallout Warning (Field-Tested),48.0,buff,24.99,,-9.76,-20.89,False,True,True,False
2026-06-24,弯刀（★ StatTrak™） | 枯焦之色 (久经沙场),★ StatTrak™ Falchion Knife | Scorched (Field-Tested),48.0,buff,592.0,,-2.2,-3.38,True,False,True,False
2026-06-24,穿肠刀（★ StatTrak™） | 深红之网 (久经沙场),★ StatTrak™ Gut Knife | Crimson Web (Field-Tested),48.0,buff,682.0,,4.11,-4.99,False,True,True,False
2026-06-24,SG 553 | 玩命职场 (久经沙场),SG 553 | Hazard Pay (Field-Tested),48.0,buff,1166.0,,3.6,-10.72,True,False,True,False
2026-06-24,鲍伊猎刀（★ StatTrak™） | 噩梦之夜 (久经沙场),★ StatTrak™ Bowie Knife | Night (Field-Tested),48.0,buff,631.0,,8.4,7.45,False,True,True,False
2026-06-24,AUG | 璞玉 (久经沙场),AUG | Carved Jade (Field-Tested),48.0,buff,140.0,,-20.0,-26.43,False,True,True,False
2026-06-24,暗影双匕（★） | 渐变大理石 (略有磨损),★ Shadow Daggers | Marble Fade (Minimal Wear),48.0,buff,893.99,,-2.8,-4.92,False,True,True,False
2026-06-24,猎杀者匕首（★ StatTrak™）,★ StatTrak™ Huntsman Knife,48.0,buff,1065.0,,15.82,11.46,False,True,True,False
2026-06-24,FN57 | 氮化处理 (久经沙场),Five-SeveN | Nitro (Field-Tested),48.0,buff,202.0,,8.91,-10.4,True,False,True,False
2026-06-24,求生匕首（★ StatTrak™） | 狩猎网格 (略有磨损),★ StatTrak™ Survival Knife | Safari Mesh (Minimal Wear),48.0,buff,412.0,,-5.1,0.73,True,False,True,False
2026-06-24,UMP-45 | 炽烈之炎 (略有磨损),UMP-45 | Blaze (Minimal Wear),48.0,buff,324.0,,-0.62,-2.78,False,True,True,False
2026-06-24,双持贝瑞塔 | 报应 (略有磨损),Dual Berettas | Retribution (Minimal Wear),48.0,buff,28.79,,-4.1,-14.94,True,False,True,False
2026-06-24,鲍伊猎刀（★ StatTrak™） | 森林 DDPAT (久经沙场),★ StatTrak™ Bowie Knife | Forest DDPAT (Field-Tested),48.0,buff,550.0,,-10.55,-3.82,True,False,True,False
2026-06-24,MAC-10 | 绯红镂刻 (久经沙场),MAC-10 | Red Filigree (Field-Tested),48.0,buff,656.0,,-0.38,41.92,False,True,True,False
2026-06-24,弯刀（★ StatTrak™） | 狩猎网格 (久经沙场),★ StatTrak™ Falchion Knife | Safari Mesh (Field-Tested),48.0,buff,481.38,,-5.06,-11.3,True,False,True,False
2026-06-24,双持贝瑞塔 | 报应 (崭新出厂),Dual Berettas | Retribution (Factory New),48.0,buff,38.87,,-3.81,15.95,True,False,True,False
2026-06-24,CZ75自动型 | 花纹钢板 (久经沙场),CZ75-Auto | Tread Plate (Field-Tested),48.0,buff,30.58,,55.13,48.72,False,True,True,False
2026-06-24,P90 | 星辰巨蟒 (略有磨损),P90 | Astral Jörmungandr (Minimal Wear),48.0,buff,1932.0,,44.36,15.58,False,True,True,False
2026-06-25,求生匕首（★ StatTrak™） | 狩猎网格 (略有磨损),★ StatTrak™ Survival Knife | Safari Mesh (Minimal Wear),48.0,buff,412.0,,-4.85,0.73,True,False,True,False
2026-06-25,UMP-45 | 炽烈之炎 (略有磨损),UMP-45 | Blaze (Minimal Wear),48.0,buff,323.0,,7.43,-2.48,False,True,True,False
2026-06-25,折叠刀（★ StatTrak™） | 森林 DDPAT (略有磨损),★ StatTrak™ Flip Knife | Forest DDPAT (Minimal Wear),48.0,buff,896.0,,1.0,36.83,False,False,True,False
2026-06-25,折刀（★） | 虎牙 (略有磨损),★ Navaja Knife | Tiger Tooth (Minimal Wear),48.0,buff,565.0,,5.66,23.36,False,True,True,False
2026-06-25,鲍伊猎刀（★ StatTrak™） | 森林 DDPAT (久经沙场),★ StatTrak™ Bowie Knife | Forest DDPAT (Field-Tested),48.0,buff,550.0,,-11.64,-3.82,True,False,True,False
2026-06-25,折刀（★ StatTrak™） | 北方森林 (略有磨损),★ StatTrak™ Navaja Knife | Boreal Forest (Minimal Wear),48.0,buff,425.0,,8.0,5.88,False,False,True,False
2026-06-25,P250 | 狂野飞溅 (久经沙场),P250 | Splash (Field-Tested),48.0,buff,134.0,,3.73,-5.97,True,False,True,False
2026-06-25,Tec-9 | 骨化之色 (略有磨损),Tec-9 | Ossified (Minimal Wear),48.0,buff,157.0,,-3.82,-15.29,True,False,True,False
2026-06-25,MAC-10 | 绯红镂刻 (久经沙场),MAC-10 | Red Filigree (Field-Tested),48.0,buff,656.0,,23.93,41.92,False,True,True,False
2026-06-25,PP-野牛 | 碳素纤维 (略有磨损),PP-Bizon | Carbon Fiber (Minimal Wear),48.0,buff,45.51,,19.62,-26.46,False,True,True,False
2026-06-25,双持贝瑞塔 | 报应 (崭新出厂),Dual Berettas | Retribution (Factory New),48.0,buff,39.97,,-3.15,12.76,True,False,True,False
2026-06-25,弯刀（★ StatTrak™） | 枯焦之色 (久经沙场),★ StatTrak™ Falchion Knife | Scorched (Field-Tested),48.0,buff,592.0,,-4.22,-3.38,True,False,True,False
2026-06-25,P90 | 星辰巨蟒 (略有磨损),P90 | Astral Jörmungandr (Minimal Wear),48.0,buff,1894.0,,40.02,17.9,False,True,True,False
2026-06-25,SG 553 | 玩命职场 (久经沙场),SG 553 | Hazard Pay (Field-Tested),48.0,buff,1166.0,,6.0,-10.72,True,False,True,False
2026-06-25,AUG | 璞玉 (久经沙场),AUG | Carved Jade (Field-Tested),48.0,buff,137.0,,-21.9,-24.82,True,False,True,False
2026-06-25,猎杀者匕首（★ StatTrak™）,★ StatTrak™ Huntsman Knife,48.0,buff,1044.0,,16.67,13.7,False,True,True,False
2026-06-25,FN57 | 氮化处理 (久经沙场),Five-SeveN | Nitro (Field-Tested),48.0,buff,202.0,,8.91,-10.4,True,False,True,False
2026-06-25,新星 | 致幻时刻 (久经沙场),Nova | Interlock (Field-Tested),48.0,buff,53.55,,-4.71,-13.99,False,True,True,False
2026-06-25,双持贝瑞塔 | 报应 (略有磨损),Dual Berettas | Retribution (Minimal Wear),48.0,buff,31.08,,-15.6,-21.2,True,False,True,False
2026-06-25,鲍伊猎刀（★ StatTrak™） | 都市伪装 (久经沙场),★ StatTrak™ Bowie Knife | Urban Masked (Field-Tested),48.0,buff,496.0,,-8.77,-7.56,False,True,True,False
2026-06-25,双持贝瑞塔 | 报应 (久经沙场),Dual Berettas | Retribution (Field-Tested),48.0,buff,29.8,,-24.8,-33.89,False,True,True,False
2026-06-25,弯刀（★ StatTrak™） | 狩猎网格 (久经沙场),★ StatTrak™ Falchion Knife | Safari Mesh (Field-Tested),48.0,buff,482.25,,-5.44,-11.46,False,True,True,False
2026-06-25,SG 553 | 辐射警告 (久经沙场),SG 553 | Fallout Warning (Field-Tested),48.0,buff,25.16,,-7.31,-21.42,True,False,True,False
2026-06-25,CZ75自动型 | 花纹钢板 (久经沙场),CZ75-Auto | Tread Plate (Field-Tested),48.0,buff,30.42,,70.91,49.51,False,True,True,False
2026-06-25,穿肠刀（★ StatTrak™） | 致命紫罗兰 (久经沙场),★ StatTrak™ Gut Knife | Ultraviolet (Field-Tested),48.0,buff,477.0,,8.07,0.1,True,False,True,False
2026-06-25,穿肠刀（★ StatTrak™） | 深红之网 (久经沙场),★ StatTrak™ Gut Knife | Crimson Web (Field-Tested),48.0,buff,682.0,,-0.15,-4.99,False,True,True,False
2026-06-25,鲍伊猎刀（★ StatTrak™） | 噩梦之夜 (久经沙场),★ StatTrak™ Bowie Knife | Night (Field-Tested),48.0,buff,618.0,,11.17,9.71,False,True,True,False
2026-06-25,暗影双匕（★） | 渐变大理石 (略有磨损),★ Shadow Daggers | Marble Fade (Minimal Wear),48.0,buff,895.99,,-4.02,-5.13,False,True,True,False
2026-06-25,内格夫 | 基础建设 (略有磨损),Negev | Infrastructure (Minimal Wear),48.0,buff,47.58,,-14.67,-23.06,False,True,True,False
2026-06-26,求生匕首（★ StatTrak™） | 狩猎网格 (略有磨损),★ StatTrak™ Survival Knife | Safari Mesh (Minimal Wear),48.0,buff,411.0,-4.93,-4.62,0.97,True,False,True,False
2026-06-26,截短霰弹枪 | 至高皮革 (略有磨损),Sawed-Off | First Class (Minimal Wear),48.0,buff,222.0,,,3.6,False,True,True,False
2026-06-26,双持贝瑞塔 | 报应 (略有磨损),Dual Berettas | Retribution (Minimal Wear),48.0,buff,32.26,-12.04,-13.11,-24.09,False,True,True,False
2026-06-26,弯刀（★ StatTrak™） | 噩梦之夜 (久经沙场),★ StatTrak™ Falchion Knife | Night (Field-Tested),48.0,buff,761.0,,,5.78,True,False,True,False
2026-06-26,折刀（★ StatTrak™） | 北方森林 (略有磨损),★ StatTrak™ Navaja Knife | Boreal Forest (Minimal Wear),48.0,buff,425.0,11.35,4.71,5.88,False,False,True,False
2026-06-26,MAC-10 | 绯红镂刻 (久经沙场),MAC-10 | Red Filigree (Field-Tested),48.0,buff,656.0,13.72,23.93,41.92,False,True,True,False
2026-06-26,弯刀（★ StatTrak™） | 狩猎网格 (久经沙场),★ StatTrak™ Falchion Knife | Safari Mesh (Field-Tested),48.0,buff,470.0,-2.77,-2.77,-9.15,False,True,True,False
2026-06-26,双持贝瑞塔 | 报应 (崭新出厂),Dual Berettas | Retribution (Factory New),48.0,buff,42.25,-11.5,-4.09,6.67,True,False,True,False
2026-06-26,弯刀（★ StatTrak™） | 枯焦之色 (久经沙场),★ StatTrak™ Falchion Knife | Scorched (Field-Tested),48.0,buff,592.0,-0.13,-3.04,-3.38,False,True,True,False
2026-06-26,穿肠刀（★ StatTrak™） | 深红之网 (久经沙场),★ StatTrak™ Gut Knife | Crimson Web (Field-Tested),48.0,buff,682.0,1.17,0.0,-4.99,False,True,True,False
2026-06-26,SG 553 | 玩命职场 (久经沙场),SG 553 | Hazard Pay (Field-Tested),48.0,buff,1166.0,3.6,5.92,-10.72,True,False,True,False
2026-06-26,鲍伊猎刀（★ StatTrak™） | 噩梦之夜 (久经沙场),★ StatTrak™ Bowie Knife | Night (Field-Tested),48.0,buff,607.0,2.02,13.01,11.7,False,True,True,False
2026-06-26,AUG | 璞玉 (久经沙场),AUG | Carved Jade (Field-Tested),48.0,buff,144.0,-24.31,-27.08,-28.47,True,False,True,False
2026-06-26,暗影双匕（★） | 渐变大理石 (略有磨损),★ Shadow Daggers | Marble Fade (Minimal Wear),48.0,buff,872.0,-2.98,-2.75,-2.52,False,True,True,False
2026-06-26,猎杀者匕首（★ StatTrak™）,★ StatTrak™ Huntsman Knife,48.0,buff,1023.0,16.08,18.48,16.03,False,True,True,False
2026-06-26,XM1014 | 辐射警告 (略有磨损),XM1014 | Fallout Warning (Minimal Wear),48.0,buff,196.0,7.14,5.04,12.76,False,True,True,False
2026-06-26,UMP-45 | 炽烈之炎 (略有磨损),UMP-45 | Blaze (Minimal Wear),48.0,buff,325.0,4.31,1.54,-3.08,False,True,True,False
2026-06-26,折叠刀（★ StatTrak™） | 森林 DDPAT (略有磨损),★ StatTrak™ Flip Knife | Forest DDPAT (Minimal Wear),48.0,buff,896.0,1.0,1.0,36.83,False,False,True,False
2026-06-26,折刀（★） | 虎牙 (略有磨损),★ Navaja Knife | Tiger Tooth (Minimal Wear),48.0,buff,565.0,6.73,6.19,23.36,False,True,True,False
2026-06-26,鲍伊猎刀（★ StatTrak™） | 森林 DDPAT (久经沙场),★ StatTrak™ Bowie Knife | Forest DDPAT (Field-Tested),48.0,buff,550.0,-10.36,-11.64,-3.82,False,True,True,False
2026-06-26,鲍伊猎刀（★ StatTrak™） | 都市伪装 (久经沙场),★ StatTrak™ Bowie Knife | Urban Masked (Field-Tested),48.0,buff,494.0,-1.44,-7.79,-7.19,False,True,True,False
2026-06-26,双持贝瑞塔 | 报应 (久经沙场),Dual Berettas | Retribution (Field-Tested),48.0,buff,29.58,-22.28,-25.96,-33.4,False,True,True,False
2026-06-26,折刀（★ StatTrak™） | 夜色 (久经沙场),★ StatTrak™ Navaja Knife | Night Stripe (Field-Tested),48.0,buff,409.0,-6.45,-8.29,-9.78,False,True,True,False
2026-06-26,Tec-9 | 骨化之色 (略有磨损),Tec-9 | Ossified (Minimal Wear),48.0,buff,163.0,-3.99,-8.59,-18.4,False,True,True,False
2026-06-26,PP-野牛 | 碳素纤维 (略有磨损),PP-Bizon | Carbon Fiber (Minimal Wear),48.0,buff,44.61,-15.89,16.48,-24.97,False,True,True,False
2026-06-26,SG 553 | 辐射警告 (久经沙场),SG 553 | Fallout Warning (Field-Tested),48.0,buff,25.53,-6.5,-9.75,-22.56,True,False,True,False
2026-06-26,P90 | 星辰巨蟒 (略有磨损),P90 | Astral Jörmungandr (Minimal Wear),48.0,buff,1856.0,31.36,42.62,20.31,False,True,True,False
2026-06-26,穿肠刀（★ StatTrak™） | 致命紫罗兰 (久经沙场),★ StatTrak™ Gut Knife | Ultraviolet (Field-Tested),48.0,buff,488.0,5.63,5.63,-2.15,True,False,True,False
2026-06-26,内格夫 | 基础建设 (略有磨损),Negev | Infrastructure (Minimal Wear),48.0,buff,48.77,-21.21,-17.04,-24.93,False,True,True,False
2026-06-27,AWP | 剧终 (久经沙场),AWP | The End (Field-Tested),27.7,eco,108.0,-7.96,-10.83,-18.52,True,True,True,False
2026-06-27,AK-47 | 爱神 (崭新出厂),AK-47 | Aphrodite (Factory New),27.6,eco,3606.0,-14.76,-19.58,-35.11,True,True,True,False
2026-06-27,AWP | 剧终 (崭新出厂),AWP | The End (Factory New),27.5,eco,575.0,0.87,2.09,-17.74,True,True,True,False
2026-06-27,USP消音版 | 一颗入眠 (崭新出厂),USP-S | Sleeping Potion (Factory New),27.4,eco,80.99,-1.6,-12.48,-19.74,True,True,True,False
2026-06-27,MP7 | 卷云 (崭新出厂),MP7 | Cirrus (Factory New),27.0,eco,156.0,-12.18,-7.99,-21.25,True,True,True,False
2026-06-27,MP7 | 权力之心 (略有磨损),MP7 | Powercore (Minimal Wear),26.7,eco,34.27,9.1,-2.42,3.76,True,True,True,False
2026-06-27,AWP | 猫猫狗狗 (略有磨损),AWP | PAW (Minimal Wear),25.5,eco,23.38,0.75,-1.07,-4.66,True,True,True,False
2026-06-27,新星 | 玩具士兵 (略有磨损),Nova | Toy Soldier (Minimal Wear),25.4,eco,49.05,2.83,-6.12,-3.98,True,True,True,False
2026-06-28,折叠刀（★） | 虎牙 (略有磨损),★ Flip Knife | Tiger Tooth (Minimal Wear),48.0,buff,1811.0,4.58,1.33,1.82,True,False,True,False
2026-06-28,鲍伊猎刀（★ StatTrak™） | 都市伪装 (久经沙场),★ StatTrak™ Bowie Knife | Urban Masked (Field-Tested),48.0,buff,475.0,2.5,0.84,-3.47,False,True,True,False
2026-06-28,系绳匕首（★ StatTrak™） | 蓝钢 (久经沙场),★ StatTrak™ Paracord Knife | Blue Steel (Field-Tested),48.0,buff,695.0,-0.47,-0.72,-0.58,False,True,True,False
2026-06-28,双持贝瑞塔 | 报应 (久经沙场),Dual Berettas | Retribution (Field-Tested),48.0,buff,28.42,-19.11,-29.66,-30.68,False,True,True,False
2026-06-28,鲍伊猎刀（★ StatTrak™） | 北方森林 (久经沙场),★ StatTrak™ Bowie Knife | Boreal Forest (Field-Tested),48.0,buff,537.0,1.35,-2.98,-4.66,False,True,True,False
2026-06-28,MAC-10 | 绯红镂刻 (久经沙场),MAC-10 | Red Filigree (Field-Tested),48.0,buff,650.0,14.77,42.77,43.23,False,True,True,False
2026-06-28,双持贝瑞塔 | 报应 (崭新出厂),Dual Berettas | Retribution (Factory New),48.0,buff,41.9,-10.76,-0.84,7.57,False,True,True,False
2026-06-28,弯刀（★ StatTrak™） | 枯焦之色 (久经沙场),★ StatTrak™ Falchion Knife | Scorched (Field-Tested),48.0,buff,579.0,2.12,-4.49,-1.21,False,True,True,False
2026-06-28,穿肠刀（★ StatTrak™） | 深红之网 (久经沙场),★ StatTrak™ Gut Knife | Crimson Web (Field-Tested),48.0,buff,679.0,1.62,0.74,-4.57,False,True,True,False
2026-06-28,AUG | 璞玉 (久经沙场),AUG | Carved Jade (Field-Tested),48.0,buff,138.0,-21.01,-24.64,-25.36,False,True,True,False
2026-06-28,暗影双匕（★） | 渐变大理石 (略有磨损),★ Shadow Daggers | Marble Fade (Minimal Wear),48.0,buff,879.0,-3.75,-2.28,-3.3,False,True,True,False
2026-06-28,折叠刀（★ StatTrak™） | 屠夫 (略有磨损),★ StatTrak™ Flip Knife | Slaughter (Minimal Wear),48.0,buff,1924.0,12.95,3.17,2.08,False,True,True,False
2026-06-28,猎杀者匕首（★ StatTrak™）,★ StatTrak™ Huntsman Knife,48.0,buff,1036.0,14.62,18.73,14.58,False,True,True,False
2026-06-28,穿肠刀（★） | 北方森林 (略有磨损),★ Gut Knife | Boreal Forest (Minimal Wear),48.0,buff,365.0,7.4,6.3,-6.85,False,True,True,False
2026-06-28,XM1014 | 火焰橙 (久经沙场),XM1014 | Blaze Orange (Field-Tested),48.0,buff,126.0,1.19,1.59,5.56,False,True,True,False
2026-06-28,XM1014 | 辐射警告 (略有磨损),XM1014 | Fallout Warning (Minimal Wear),48.0,buff,191.0,9.95,13.61,15.71,False,True,True,False
2026-06-28,MAG-7 | 棱彩阶梯 (久经沙场),MAG-7 | Prism Terrace (Field-Tested),48.0,buff,279.0,-12.19,-12.19,-11.47,False,True,True,False
2026-06-28,鲍伊猎刀（★ StatTrak™） | 森林 DDPAT (久经沙场),★ StatTrak™ Bowie Knife | Forest DDPAT (Field-Tested),48.0,buff,507.0,-2.76,-5.33,4.34,True,False,True,False
2026-06-28,折刀（★ StatTrak™） | 北方森林 (略有磨损),★ StatTrak™ Navaja Knife | Boreal Forest (Minimal Wear),48.0,buff,425.0,11.35,5.65,5.88,False,False,True,False
2026-06-28,折刀（★ StatTrak™） | 狩猎网格 (略有磨损),★ StatTrak™ Navaja Knife | Safari Mesh (Minimal Wear),48.0,buff,473.5,4.7,-3.17,-14.36,True,False,True,False
2026-06-28,弯刀（★ StatTrak™） | 大马士革钢 (久经沙场),★ StatTrak™ Falchion Knife | Damascus Steel (Field-Tested),48.0,buff,815.0,-4.05,-6.01,-6.01,False,True,True,False
2026-06-28,新星 | 石墨黑 (略有磨损),Nova | Graphite (Minimal Wear),48.0,buff,89.8,-5.41,-9.15,-15.96,True,False,True,False
2026-06-28,PP-野牛 | 碳素纤维 (略有磨损),PP-Bizon | Carbon Fiber (Minimal Wear),48.0,buff,39.13,-4.11,23.28,-14.46,False,True,True,False
2026-06-28,弯刀（★ StatTrak™） | 狩猎网格 (久经沙场),★ StatTrak™ Falchion Knife | Safari Mesh (Field-Tested),48.0,buff,470.0,-2.77,-2.98,-9.15,False,True,True,False
2026-06-28,弯刀（★ StatTrak™） | 致命紫罗兰 (久经沙场),★ StatTrak™ Falchion Knife | Ultraviolet (Field-Tested),48.0,buff,664.99,-4.7,-3.46,-3.69,False,True,True,False
2026-06-28,新星 | 火焰橙 (久经沙场),Nova | Blaze Orange (Field-Tested),48.0,buff,141.0,4.26,1.4,-9.22,True,False,True,False
2026-06-28,P90 | 星辰巨蟒 (略有磨损),P90 | Astral Jörmungandr (Minimal Wear),48.0,buff,1729.0,41.01,46.67,29.15,False,True,True,False
2026-06-28,内格夫 | 基础建设 (略有磨损),Negev | Infrastructure (Minimal Wear),48.0,buff,46.05,-16.56,-12.57,-20.5,False,True,True,False
2026-06-29,FN57 | 三位一体 (略有磨损),Five-SeveN | Triumvirate (Minimal Wear),58.0,buff,20.95,37.6,57.37,,True,False,True,True
2026-06-29,鲍伊猎刀（★ StatTrak™） | 北方森林 (久经沙场),★ StatTrak™ Bowie Knife | Boreal Forest (Field-Tested),48.1,buff,537.0,1.35,-2.98,,False,True,True,True
2026-06-29,SSG 08 | 通灵者 (崭新出厂),SSG 08 | Necropos (Factory New),45.9,buff,50.73,9.05,44.88,,True,False,True,True
2026-06-29,R8左轮手枪 | 水都泛波 (略有磨损),R8 Revolver | Canal Spray (Minimal Wear),37.1,buff,30.32,6.86,-7.55,,True,False,True,True
2026-06-29,穿肠刀（★ StatTrak™） | 自由之手 (久经沙场),★ StatTrak™ Gut Knife | Freehand (Field-Tested),36.1,buff,484.0,7.33,7.02,,False,True,True,True
2026-06-29,穿肠刀（★） | 渐变大理石 (略有磨损),★ Gut Knife | Marble Fade (Minimal Wear),36.1,buff,1152.0,8.29,12.5,,False,True,True,True
2026-06-29,穿肠刀（★ StatTrak™） | 传说 (久经沙场),★ StatTrak™ Gut Knife | Lore (Field-Tested),36.1,buff,698.0,0.5,-1.86,,False,True,True,True
2026-06-29,求生匕首（★） | 蓝钢 (崭新出厂),★ Survival Knife | Blue Steel (Factory New),36.1,buff,858.0,26.49,18.88,,False,True,True,True
2026-06-29,SCAR-20 | 棕榈色 (崭新出厂),SCAR-20 | Palm (Factory New),36.0,buff,500.0,-1.75,2.6,,False,False,True,True
2026-06-29,FN57 | 日式荧光涂装 (略有磨损),Five-SeveN | Neon Kimono (Minimal Wear),36.0,buff,4044.0,-4.72,-5.27,,False,True,True,True
2026-06-29,穿肠刀（★ StatTrak™） | 北方森林 (久经沙场),★ StatTrak™ Gut Knife | Boreal Forest (Field-Tested),36.0,buff,417.0,-7.19,-7.67,,False,True,True,True
2026-06-29,猎杀者匕首（★ StatTrak™） | 北方森林 (久经沙场),★ StatTrak™ Huntsman Knife | Boreal Forest (Field-Tested),36.0,buff,545.0,-1.24,-8.99,,False,True,True,True
2026-06-29,P250 | 铠甲 (崭新出厂),P250 | Iron Clad (Factory New),34.8,buff,60.89,12.99,98.72,,True,False,True,True
2026-06-29,新星 | 锦鲤 (崭新出厂),Nova | Koi (Factory New),34.7,buff,21.58,-0.71,11.58,,True,False,True,True
2026-06-29,CZ75自动型 | 黄夹克 (久经沙场),CZ75-Auto | Yellow Jacket (Field-Tested),32.9,buff,28.77,0.19,-10.71,,True,False,True,True
2026-06-29,G3SG1 | 碧藤青翠 (久经沙场),G3SG1 | New Roots (Field-Tested),32.6,buff,22.83,10.24,8.1,,True,False,True,True
2026-06-29,M4A1消音版 | 液化 (略有磨损),M4A1-S | Liquidation (Minimal Wear),31.6,buff,32.88,-0.65,-3.32,,False,True,True,True
2026-06-29,MP7 | 死亡骷髅 (略有磨损),MP7 | Skulls (Minimal Wear),30.6,buff,107.0,-1.02,15.89,,True,False,True,True
2026-06-29,AK-47 | 捕食者 (久经沙场),AK-47 | Predator (Field-Tested),29.5,buff,57.92,5.66,14.42,,True,True,True,True
2026-06-29,AK-47 | 迷踪秘境 (崭新出厂),AK-47 | Uncharted (Factory New),29.0,buff,23.1,13.28,57.01,,False,True,True,True
2026-06-29,USP消音版 | 蓝图 (崭新出厂),USP-S | Blueprint (Factory New),29.0,buff,936.0,0.64,-2.97,,True,False,True,True
2026-06-29,双持贝瑞塔 | 双涡轮 (久经沙场),Dual Berettas | Twin Turbo (Field-Tested),28.7,buff,22.06,-1.78,-4.81,,True,False,True,True
2026-06-29,USP消音版 | 地狱门票 (崭新出厂),USP-S | Ticket to Hell (Factory New),28.1,buff,21.02,-0.36,14.51,,True,False,True,True
2026-06-29,法玛斯 | 残影 (崭新出厂),FAMAS | Afterimage (Factory New),27.8,buff,559.0,-8.88,-8.88,,True,True,True,True
2026-06-29,MAC-10 | 凝视之眼 (久经沙场),MAC-10 | Propaganda (Field-Tested),27.8,buff,254.0,4.23,1.21,,True,True,True,True
2026-06-29,R8左轮手枪 | 头骨粉碎者 (久经沙场),R8 Revolver | Skull Crusher (Field-Tested),27.8,buff,61.04,-1.99,-1.02,,True,False,True,True
2026-06-29,USP消音版 | 一颗入眠 (崭新出厂),USP-S | Sleeping Potion (Factory New),27.7,eco,80.0,-0.38,-11.26,,True,True,True,False
2026-06-29,沙漠之鹰 | 人造卫星 (略有磨损),Desert Eagle | Sputnik (Minimal Wear),27.7,eco,22.83,1.03,-1.1,,True,True,True,False
2026-06-29,PP-野牛 | 买定离手 (崭新出厂),PP-Bizon | High Roller (Factory New),27.7,buff,230.0,-12.84,-8.53,,True,True,True,True
2026-06-30,XM1014 | 辐射警告 (略有磨损),XM1014 | Fallout Warning (Minimal Wear),48.0,buff,191.0,9.95,13.61,,False,True,True,False
2026-06-30,MAG-7 | 棱彩阶梯 (久经沙场),MAG-7 | Prism Terrace (Field-Tested),48.0,buff,265.0,-7.55,-7.55,,False,True,True,False
2026-06-30,猎杀者匕首（★） | 蓝钢 (崭新出厂),★ Huntsman Knife | Blue Steel (Factory New),48.0,buff,2765.0,-0.96,,,False,False,True,False
2026-06-30,鲍伊猎刀（★ StatTrak™） | 森林 DDPAT (久经沙场),★ StatTrak™ Bowie Knife | Forest DDPAT (Field-Tested),48.0,buff,507.0,-2.76,-5.33,,True,False,True,False
2026-06-30,鲍伊猎刀（★ StatTrak™） | 都市伪装 (久经沙场),★ StatTrak™ Bowie Knife | Urban Masked (Field-Tested),48.0,buff,507.0,-3.97,-5.52,,False,True,True,False
2026-06-30,G3SG1 | 雇佣兵 (久经沙场),G3SG1 | Contractor (Field-Tested),48.0,buff,20.02,-1.25,1.3,,False,True,True,False
2026-06-30,鲍伊猎刀（★ StatTrak™） | 北方森林 (久经沙场),★ StatTrak™ Bowie Knife | Boreal Forest (Field-Tested),48.0,buff,530.0,2.69,-1.7,,False,True,True,False
2026-06-30,折刀（★ StatTrak™） | 狩猎网格 (略有磨损),★ StatTrak™ Navaja Knife | Safari Mesh (Minimal Wear),48.0,buff,451.5,9.8,1.55,,False,True,True,False
2026-06-30,弯刀（★ StatTrak™） | 大马士革钢 (久经沙场),★ StatTrak™ Falchion Knife | Damascus Steel (Field-Tested),48.0,buff,785.0,-0.38,-2.42,,False,True,True,False
2026-06-30,MAC-10 | 绯红镂刻 (久经沙场),MAC-10 | Red Filigree (Field-Tested),48.0,buff,650.0,14.77,42.77,,False,True,True,False
2026-06-30,弯刀（★ StatTrak™） | 枯焦之色 (久经沙场),★ StatTrak™ Falchion Knife | Scorched (Field-Tested),48.0,buff,587.0,0.72,-5.79,,False,True,True,False
2026-06-30,穿肠刀（★ StatTrak™） | 深红之网 (久经沙场),★ StatTrak™ Gut Knife | Crimson Web (Field-Tested),48.0,buff,678.0,1.77,0.88,,False,True,True,False
2026-06-30,AUG | 璞玉 (久经沙场),AUG | Carved Jade (Field-Tested),48.0,buff,137.0,-20.44,-24.09,,True,False,True,False
2026-06-30,暗影双匕（★） | 渐变大理石 (略有磨损),★ Shadow Daggers | Marble Fade (Minimal Wear),48.0,buff,922.99,-8.34,-6.93,,False,True,True,False
2026-06-30,穿肠刀（★） | 北方森林 (略有磨损),★ Gut Knife | Boreal Forest (Minimal Wear),48.0,buff,409.0,-4.16,-5.13,,False,True,True,False
2026-06-30,USP消音版 | 血清 (略有磨损),USP-S | Serum (Minimal Wear),48.0,buff,504.0,4.37,6.35,,False,True,True,False
2026-06-30,截短霰弹枪 | 至高皮革 (略有磨损),Sawed-Off | First Class (Minimal Wear),48.0,buff,192.0,,21.53,,False,True,True,False
2026-06-30,UMP-45 | 炽烈之炎 (略有磨损),UMP-45 | Blaze (Minimal Wear),48.0,buff,333.0,1.8,-2.1,,False,True,True,False
2026-06-30,穿肠刀（★ StatTrak™） | 枯焦之色 (久经沙场),★ StatTrak™ Gut Knife | Scorched (Field-Tested),48.0,buff,495.0,17.12,-3.03,,True,False,True,False
2026-06-30,系绳匕首（★ StatTrak™） | 蓝钢 (久经沙场),★ StatTrak™ Paracord Knife | Blue Steel (Field-Tested),48.0,buff,691.0,0.11,-0.14,,True,False,True,False
2026-06-30,双持贝瑞塔 | 报应 (久经沙场),Dual Berettas | Retribution (Field-Tested),48.0,buff,27.71,-17.03,-27.86,,False,True,True,False
2026-06-30,新星 | 石墨黑 (略有磨损),Nova | Graphite (Minimal Wear),48.0,buff,88.92,-4.47,-8.25,,True,False,True,False
2026-06-30,PP-野牛 | 碳素纤维 (略有磨损),PP-Bizon | Carbon Fiber (Minimal Wear),48.0,buff,39.54,-5.1,22.0,,False,True,True,False
2026-06-30,弯刀（★ StatTrak™） | 狩猎网格 (久经沙场),★ StatTrak™ Falchion Knife | Safari Mesh (Field-Tested),48.0,buff,472.99,-3.38,-3.59,,False,True,True,False
2026-06-30,弯刀（★ StatTrak™） | 致命紫罗兰 (久经沙场),★ StatTrak™ Falchion Knife | Ultraviolet (Field-Tested),48.0,buff,657.0,-3.54,-2.29,,False,True,True,False
2026-06-30,双持贝瑞塔 | 报应 (崭新出厂),Dual Berettas | Retribution (Factory New),48.0,buff,42.18,-11.36,-1.49,,False,True,True,False
2026-06-30,新星 | 火焰橙 (久经沙场),Nova | Blaze Orange (Field-Tested),48.0,buff,147.0,0.0,-2.73,,True,False,True,False
2026-06-30,内格夫 | 基础建设 (略有磨损),Negev | Infrastructure (Minimal Wear),48.0,buff,45.09,-14.78,-10.71,,False,True,True,False
2026-06-30,P250 | 多面体 (崭新出厂),P250 | Facets (Factory New),48.0,buff,316.0,0.47,0.0,,False,True,True,False
2026-06-30,双持贝瑞塔 | 深蓝电镀处理 (略有磨损),Dual Berettas | Anodized Navy (Minimal Wear),48.0,buff,114.0,-10.88,-10.53,,False,True,True,False
2026-07-01,AWP | 剧终 (崭新出厂),AWP | The End (Factory New),27.5,eco,580.0,0.0,-17.24,,True,True,True,False
2026-07-01,USP消音版 | 一颗入眠 (崭新出厂),USP-S | Sleeping Potion (Factory New),27.5,eco,76.0,-2.28,-14.78,,True,True,True,False
2026-07-01,法玛斯 | 神经网 (崭新出厂),FAMAS | Neural Net (Factory New),27.1,eco,85.11,13.76,37.82,,True,True,True,False
2026-07-01,AK-47 | 爱神 (崭新出厂),AK-47 | Aphrodite (Factory New),26.7,eco,3666.0,-18.3,-27.96,,True,True,True,False
2026-07-01,沙漠之鹰 | 人造卫星 (略有磨损),Desert Eagle | Sputnik (Minimal Wear),26.6,eco,23.1,-0.61,-4.65,,True,True,True,False
2026-07-01,MP7 | 卷云 (崭新出厂),MP7 | Cirrus (Factory New),26.2,eco,144.52,-5.6,-16.63,,True,True,True,False
2026-07-01,新星 | 玩具士兵 (略有磨损),Nova | Toy Soldier (Minimal Wear),25.9,eco,47.26,-0.12,18.28,,True,True,True,False
2026-07-01,AWP | 剧终 (久经沙场),AWP | The End (Field-Tested),25.6,eco,107.0,-4.71,-11.95,,True,True,True,False
2026-07-01,MP7 | 权力之心 (略有磨损),MP7 | Powercore (Minimal Wear),25.6,eco,34.48,8.44,2.61,,True,True,True,False
2026-07-01,P2000 | 草皮 (略有磨损),P2000 | Turf (Minimal Wear),25.5,eco,31.99,-5.5,17.86,,True,True,True,False
2026-07-02,鲍伊猎刀（★ StatTrak™） | 北方森林 (久经沙场),★ StatTrak™ Bowie Knife | Boreal Forest (Field-Tested),48.1,buff,536.99,0.56,-4.65,,False,True,True,True
2026-07-02,PP-野牛 | 化工之绿 (略有磨损),PP-Bizon | Chemical Green (Minimal Wear),47.6,buff,31.08,5.79,0.51,,True,False,True,True
2026-07-02,P2000 | 寻路者 (崭新出厂),P2000 | Pathfinder (Factory New),45.4,buff,132.0,4.66,16.67,,True,False,True,True
2026-07-02,CZ75自动型 | 螺形扭转 (崭新出厂),CZ75-Auto | Twist (Factory New),37.1,buff,29.41,19.25,23.24,,True,False,True,True
2026-07-02,穿肠刀（★ StatTrak™） | 北方森林 (久经沙场),★ StatTrak™ Gut Knife | Boreal Forest (Field-Tested),36.1,buff,413.0,-6.05,-4.6,,False,True,True,True
2026-07-02,穿肠刀（★ StatTrak™） | 自由之手 (久经沙场),★ StatTrak™ Gut Knife | Freehand (Field-Tested),36.1,buff,490.0,1.63,6.94,,False,True,True,True
2026-07-02,穿肠刀（★） | 渐变大理石 (略有磨损),★ Gut Knife | Marble Fade (Minimal Wear),36.1,buff,1241.0,3.95,13.46,,False,True,True,True
2026-07-02,P90 | 星辰巨蟒 (略有磨损),P90 | Astral Jörmungandr (Minimal Wear),36.0,buff,2636.0,0.61,-11.32,,False,True,True,True
2026-07-02,猎杀者匕首（★ StatTrak™） | 北方森林 (久经沙场),★ StatTrak™ Huntsman Knife | Boreal Forest (Field-Tested),36.0,buff,545.0,-0.92,-10.09,,False,True,True,True
2026-07-02,SCAR-20 | 棕榈色 (崭新出厂),SCAR-20 | Palm (Factory New),36.0,buff,499.0,2.4,14.93,,False,False,True,True
2026-07-02,鲍伊猎刀（★ StatTrak™） | 枯焦之色 (久经沙场),★ StatTrak™ Bowie Knife | Scorched (Field-Tested),36.0,buff,497.99,8.24,-4.02,,True,False,True,True
2026-07-02,FN57 | 日式荧光涂装 (略有磨损),Five-SeveN | Neon Kimono (Minimal Wear),36.0,buff,3905.0,-2.36,-7.13,,False,True,True,True
2026-07-02,沙漠之鹰 | 后发制人 (崭新出厂),Desert Eagle | Trigger Discipline (Factory New),35.9,buff,79.97,19.79,7.47,,True,False,True,True
2026-07-02,AUG | 代达罗斯之殇 (崭新出厂),AUG | Daedalus (Factory New),34.0,buff,50.58,-12.61,-12.61,,True,True,True,True
2026-07-02,内格夫 | 核子废渣 (崭新出厂),Negev | Nuclear Waste (Factory New),33.9,buff,36.56,9.44,8.12,,True,False,True,True
2026-07-02,MP9 | 落日 (久经沙场),MP9 | Setting Sun (Field-Tested),31.6,buff,111.0,-7.32,-7.86,,True,False,True,True
2026-07-02,FN57 | 三位一体 (略有磨损),Five-SeveN | Triumvirate (Minimal Wear),31.4,buff,22.2,84.5,20.63,,True,False,True,True
2026-07-02,MAC-10 | 烧尽 (崭新出厂),MAC-10 | Tatter (Factory New),31.1,buff,103.0,-5.6,1.64,,True,True,True,True
2026-07-02,G3SG1 | 碧藤青翠 (久经沙场),G3SG1 | New Roots (Field-Tested),29.7,buff,22.83,10.29,8.5,,True,False,True,True
2026-07-02,Tec-9 | 穆拉诺之橙 (崭新出厂),Tec-9 | Orange Murano (Factory New),29.4,buff,103.0,2.91,-0.19,,True,True,True,True
2026-07-02,AK-47 | 交叉渐变 (略有磨损),AK-47 | Crossfade (Minimal Wear),29.1,eco,20.19,-4.11,3.59,,True,True,True,False
2026-07-02,CZ75自动型 | 梅红时刻 (崭新出厂),CZ75-Auto | The Fuschia Is Now (Factory New),29.0,buff,269.69,-3.59,-3.19,,True,False,True,True
2026-07-02,AUG | 汪之萌杀 (略有磨损),AUG | Death by Puppy (Minimal Wear),28.3,buff,30.31,4.62,2.41,,True,True,True,True
2026-07-02,PP-野牛 | 买定离手 (崭新出厂),PP-Bizon | High Roller (Factory New),27.9,buff,213.0,-2.51,-4.73,,True,False,True,True
2026-07-02,AWP | 剧终 (崭新出厂),AWP | The End (Factory New),27.5,eco,580.0,0.0,-17.24,,True,True,True,False
2026-07-02,USP消音版 | 一颗入眠 (崭新出厂),USP-S | Sleeping Potion (Factory New),27.5,eco,76.0,-2.63,-14.78,,True,True,True,False
2026-07-02,CZ75自动型 | 黄夹克 (久经沙场),CZ75-Auto | Yellow Jacket (Field-Tested),27.1,buff,29.41,-0.68,-3.3,,True,True,True,True
2026-07-03,AWP | 剧终 (崭新出厂),AWP | The End (Factory New),27.8,eco,566.0,3.71,-15.19,,True,True,True,False
2026-07-03,MP7 | 卷云 (崭新出厂),MP7 | Cirrus (Factory New),27.8,eco,148.0,-3.01,-18.59,,True,True,True,False
2026-07-03,AK-47 | 爱神 (崭新出厂),AK-47 | Aphrodite (Factory New),27.5,eco,3080.08,-5.85,-14.26,,True,True,True,False
2026-07-03,MP7 | 权力之心 (略有磨损),MP7 | Powercore (Minimal Wear),26.7,eco,34.09,-1.91,3.78,,True,True,True,False
2026-07-03,USP消音版 | 一颗入眠 (崭新出厂),USP-S | Sleeping Potion (Factory New),26.0,eco,72.87,-2.73,-11.12,,True,True,True,False
2026-07-03,G3SG1 | 公海 (略有磨损),G3SG1 | High Seas (Minimal Wear),25.9,eco,23.1,3.25,4.5,,True,True,True,False
2026-07-03,新星 | 玩具士兵 (略有磨损),Nova | Toy Soldier (Minimal Wear),25.5,eco,48.06,-4.18,16.31,,True,True,True,False
2026-07-04,UMP-45 | 炽烈之炎 (略有磨损),UMP-45 | Blaze (Minimal Wear),48.0,buff,347.0,-4.9,3.65,,True,False,True,False
2026-07-04,MAG-7 | 棱彩阶梯 (久经沙场),MAG-7 | Prism Terrace (Field-Tested),48.0,buff,266.0,-7.89,-7.02,,True,False,True,False
2026-07-04,穿肠刀（★ StatTrak™） | 枯焦之色 (久经沙场),★ StatTrak™ Gut Knife | Scorched (Field-Tested),48.0,buff,496.0,10.48,2.08,,True,False,True,False
2026-07-04,弯刀（★ StatTrak™） | 噩梦之夜 (久经沙场),★ StatTrak™ Falchion Knife | Night (Field-Tested),48.0,buff,685.0,,15.33,,True,False,True,False
2026-07-04,鲍伊猎刀（★ StatTrak™） | 都市伪装 (久经沙场),★ StatTrak™ Bowie Knife | Urban Masked (Field-Tested),48.0,buff,489.0,-6.85,-4.91,,False,True,True,False
2026-07-04,XM1014 | 火焰橙 (久经沙场),XM1014 | Blaze Orange (Field-Tested),48.0,buff,113.0,15.93,18.58,,True,False,True,False
2026-07-04,折叠刀（★ StatTrak™） | 森林 DDPAT (略有磨损),★ StatTrak™ Flip Knife | Forest DDPAT (Minimal Wear),48.0,buff,905.0,0.0,28.62,,False,False,True,False
2026-07-04,FN57 | 电镀青铜 (略有磨损),Five-SeveN | Anodized Gunmetal (Minimal Wear),48.0,buff,125.0,-4.8,-1.87,,False,True,True,False
2026-07-04,鲍伊猎刀（★ StatTrak™） | 森林 DDPAT (久经沙场),★ StatTrak™ Bowie Knife | Forest DDPAT (Field-Tested),48.0,buff,493.0,-1.42,1.69,,False,True,True,False
2026-07-04,系绳匕首（★ StatTrak™） | 蓝钢 (久经沙场),★ StatTrak™ Paracord Knife | Blue Steel (Field-Tested),48.0,buff,690.0,0.87,-1.45,,False,True,True,False
2026-07-04,双持贝瑞塔 | 报应 (久经沙场),Dual Berettas | Retribution (Field-Tested),48.0,buff,25.79,-15.08,-23.34,,False,True,True,False
2026-07-04,新星 | 森林之叶 (略有磨损),Nova | Forest Leaves (Minimal Wear),48.0,buff,64.69,-8.3,0.01,,False,False,True,False
2026-07-04,P250 | 狂野飞溅 (久经沙场),P250 | Splash (Field-Tested),48.0,buff,126.0,7.14,7.67,,True,False,True,False
2026-07-04,折刀（★ StatTrak™） | 狩猎网格 (略有磨损),★ StatTrak™ Navaja Knife | Safari Mesh (Minimal Wear),48.0,buff,451.5,3.1,-1.14,,True,False,True,False
2026-07-04,弯刀（★ StatTrak™） | 大马士革钢 (久经沙场),★ StatTrak™ Falchion Knife | Damascus Steel (Field-Tested),48.0,buff,788.99,-2.92,-2.92,,False,True,True,False
2026-07-04,新星 | 石墨黑 (略有磨损),Nova | Graphite (Minimal Wear),48.0,buff,85.56,0.47,-0.95,,False,True,True,False
2026-07-04,PP-野牛 | 碳素纤维 (略有磨损),PP-Bizon | Carbon Fiber (Minimal Wear),48.0,buff,38.9,33.57,-13.63,,False,True,True,False
2026-07-04,弯刀（★ StatTrak™） | 狩猎网格 (久经沙场),★ StatTrak™ Falchion Knife | Safari Mesh (Field-Tested),48.0,buff,473.0,-3.38,-6.77,,False,True,True,False
2026-07-04,弯刀（★ StatTrak™） | 致命紫罗兰 (久经沙场),★ StatTrak™ Falchion Knife | Ultraviolet (Field-Tested),48.0,buff,650.99,-2.61,-0.77,,False,True,True,False
2026-07-04,双持贝瑞塔 | 报应 (崭新出厂),Dual Berettas | Retribution (Factory New),48.0,buff,39.54,2.48,58.36,,False,True,True,False
2026-07-04,弯刀（★ StatTrak™） | 枯焦之色 (久经沙场),★ StatTrak™ Falchion Knife | Scorched (Field-Tested),48.0,buff,595.0,-3.53,2.46,,False,True,True,False
2026-07-04,新星 | 火焰橙 (久经沙场),Nova | Blaze Orange (Field-Tested),48.0,buff,147.0,-1.37,-9.54,,True,False,True,False
2026-07-04,P90 | 星辰巨蟒 (略有磨损),P90 | Astral Jörmungandr (Minimal Wear),48.0,buff,3146.0,-15.86,-29.02,,False,False,True,False
2026-07-04,穿肠刀（★ StatTrak™） | 致命紫罗兰 (久经沙场),★ StatTrak™ Gut Knife | Ultraviolet (Field-Tested),48.0,buff,499.0,3.3,-4.71,,False,True,True,False
2026-07-04,格洛克18型 | 沙丘之黄 (久经沙场),Glock-18 | Sand Dune (Field-Tested),48.0,buff,56.81,6.6,14.04,,True,False,True,False
2026-07-04,穿肠刀（★ StatTrak™） | 深红之网 (久经沙场),★ StatTrak™ Gut Knife | Crimson Web (Field-Tested),48.0,buff,630.0,8.25,3.17,,False,True,True,False
2026-07-04,鲍伊猎刀（★ StatTrak™） | 噩梦之夜 (久经沙场),★ StatTrak™ Bowie Knife | Night (Field-Tested),48.0,buff,585.0,17.26,8.55,,False,True,True,False
2026-07-04,AUG | 璞玉 (久经沙场),AUG | Carved Jade (Field-Tested),48.0,buff,126.0,-16.67,-14.29,,True,False,True,False
2026-07-04,暗影双匕（★） | 渐变大理石 (略有磨损),★ Shadow Daggers | Marble Fade (Minimal Wear),48.0,buff,853.0,-0.59,0.31,,False,True,True,False
2026-07-04,暗影双匕（★） | 渐变之色 (略有磨损),★ Shadow Daggers | Fade (Minimal Wear),48.0,buff,1461.0,15.4,1.37,,False,True,True,False
2026-07-05,AUG | 代达罗斯之殇 (崭新出厂),AUG | Daedalus (Factory New),51.3,buff,44.2,0.0,0.0,,True,False,True,True
2026-07-05,鲍伊猎刀（★ StatTrak™） | 北方森林 (久经沙场),★ StatTrak™ Bowie Knife | Boreal Forest (Field-Tested),48.1,buff,552.0,-5.62,-5.13,,False,True,True,True
2026-07-05,MAG-7 | 棱彩阶梯 (崭新出厂),MAG-7 | Prism Terrace (Factory New),40.1,buff,281.99,0.0,8.04,,True,True,True,True
2026-07-05,M4A4 | 渐变斑纹 (久经沙场),M4A4 | Faded Zebra (Field-Tested),38.3,buff,52.24,-6.41,-7.22,,True,True,True,True
2026-07-05,穿肠刀（★ StatTrak™） | 自由之手 (久经沙场),★ StatTrak™ Gut Knife | Freehand (Field-Tested),36.1,buff,508.99,1.77,-1.11,,False,True,True,True
2026-07-05,穿肠刀（★） | 渐变大理石 (略有磨损),★ Gut Knife | Marble Fade (Minimal Wear),36.1,buff,1226.0,5.71,11.53,,False,True,True,True
2026-07-05,穿肠刀（★ StatTrak™） | 北方森林 (久经沙场),★ StatTrak™ Gut Knife | Boreal Forest (Field-Tested),36.1,buff,389.0,-1.03,0.6,,False,True,True,True
2026-07-05,SCAR-20 | 棕榈色 (崭新出厂),SCAR-20 | Palm (Factory New),36.0,buff,491.0,4.48,16.63,,False,False,True,True
2026-07-05,求生匕首（★ StatTrak™） | 夜色 (略有磨损),★ StatTrak™ Survival Knife | Night Stripe (Minimal Wear),36.0,buff,601.0,0.5,7.9,,False,True,True,True
2026-07-05,FN57 | 日式荧光涂装 (略有磨损),Five-SeveN | Neon Kimono (Minimal Wear),36.0,buff,3855.0,-0.62,-6.07,,False,False,True,True
2026-07-05,穿肠刀（★ StatTrak™） | 枯焦之色 (略有磨损),★ StatTrak™ Gut Knife | Scorched (Minimal Wear),36.0,buff,688.0,-1.16,,,False,True,True,True
2026-07-05,猎杀者匕首（★ StatTrak™） | 北方森林 (久经沙场),★ StatTrak™ Huntsman Knife | Boreal Forest (Field-Tested),36.0,buff,500.0,-0.8,-2.0,,False,True,True,True
2026-07-05,G3SG1 | 弗卢克斯 (久经沙场),G3SG1 | Flux (Field-Tested),35.9,buff,47.78,4.83,-3.5,,True,True,True,True
2026-07-05,加利尔AR | 橙黄 DDPAT (略有磨损),Galil AR | Orange DDPAT (Minimal Wear),35.9,buff,159.0,10.06,8.19,,True,True,True,True
2026-07-05,SSG 08 | 巨铁 (崭新出厂),SSG 08 | Big Iron (Factory New),34.8,buff,327.0,1.83,-7.94,,True,True,True,True
2026-07-05,P2000 | 绝命密电 (崭新出厂),P2000 | Dispatch (Factory New),33.1,buff,270.0,27.04,10.59,,True,False,True,True
2026-07-05,P90 | 精雕木刻 (久经沙场),P90 | Shapewood (Field-Tested),31.8,buff,53.31,4.09,10.97,,True,False,True,True
2026-07-05,XM1014 | 蓝色轮胎 (崭新出厂),XM1014 | Blue Tire (Factory New),31.8,buff,60.0,-0.67,13.33,,True,False,True,True
2026-07-05,P2000 | 寻路者 (崭新出厂),P2000 | Pathfinder (Factory New),28.2,buff,138.15,11.47,8.34,,True,True,True,True
2026-07-05,CZ75自动型 | 梅红时刻 (崭新出厂),CZ75-Auto | The Fuschia Is Now (Factory New),28.1,buff,262.7,-0.62,-2.68,,True,True,True,True
2026-07-05,FN57 | 神祇 (略有磨损),Five-SeveN | Kami (Minimal Wear),27.9,buff,22.13,6.91,4.68,,True,True,True,True
2026-07-05,熊刀（★ StatTrak™） | 人工染色 (久经沙场),★ StatTrak™ Ursus Knife | Stained (Field-Tested),27.9,buff,616.0,5.19,4.87,,False,True,True,True
2026-07-05,MP7 | 卷云 (崭新出厂),MP7 | Cirrus (Factory New),27.3,eco,144.89,5.6,-14.19,,True,True,True,False
2026-07-05,AK-47 | 爱神 (崭新出厂),AK-47 | Aphrodite (Factory New),27.2,eco,3099.02,-12.1,-18.59,,True,True,True,False
2026-07-05,P250 | 交换机 (崭新出厂),P250 | Exchanger (Factory New),27.1,eco,23.99,-1.67,-26.25,,True,True,True,False
2026-07-05,AWP | 剧终 (崭新出厂),AWP | The End (Factory New),26.9,eco,580.0,-5.17,-13.22,,True,True,True,False
2026-07-05,P2000 | 海洋 (崭新出厂),P2000 | Oceanic (Factory New),26.5,eco,20.16,63.1,49.22,,True,True,True,False
2026-07-05,MP7 | 权力之心 (略有磨损),MP7 | Powercore (Minimal Wear),26.4,eco,37.39,-2.59,-5.56,,True,True,True,False
2026-07-05,UMP-45 | 野孩子 (略有磨损),UMP-45 | Wild Child (Minimal Wear),26.0,eco,42.87,-0.79,-9.03,,True,True,True,False
2026-07-05,双持贝瑞塔 | 深蓝电镀处理 (崭新出厂),Dual Berettas | Anodized Navy (Factory New),26.0,buff,104.0,43.27,13.38,,True,True,True,True
2026-07-06,运动手套（★） | 赤色追风 (崭新出厂),★ Sport Gloves | Red Racer (Factory New),48.0,buff,8553.0,14.68,21.06,,False,False,True,False
2026-07-06,UMP-45 | 炽烈之炎 (略有磨损),UMP-45 | Blaze (Minimal Wear),48.0,buff,325.0,0.31,-0.92,,True,False,True,False
2026-07-06,折叠刀（★ StatTrak™） | 森林 DDPAT (略有磨损),★ StatTrak™ Flip Knife | Forest DDPAT (Minimal Wear),48.0,buff,905.0,10.61,28.62,,False,False,True,False
2026-07-06,骷髅匕首（★） | 狩猎网格 (崭新出厂),★ Skeleton Knife | Safari Mesh (Factory New),48.0,buff,1257.0,28.24,27.05,,False,True,True,False
2026-07-06,FN57 | 电镀青铜 (略有磨损),Five-SeveN | Anodized Gunmetal (Minimal Wear),48.0,buff,122.0,-1.64,-4.1,,False,True,True,False
2026-07-06,鲍伊猎刀（★ StatTrak™） | 森林 DDPAT (久经沙场),★ StatTrak™ Bowie Knife | Forest DDPAT (Field-Tested),48.0,buff,493.0,-2.64,8.32,,False,True,True,False
2026-07-06,鲍伊猎刀（★ StatTrak™） | 都市伪装 (久经沙场),★ StatTrak™ Bowie Knife | Urban Masked (Field-Tested),48.0,buff,487.49,-1.74,-8.31,,False,True,True,False
2026-07-06,系绳匕首（★ StatTrak™） | 蓝钢 (久经沙场),★ StatTrak™ Paracord Knife | Blue Steel (Field-Tested),48.0,buff,696.0,-0.86,-2.3,,True,False,True,False
2026-07-06,鲍伊猎刀（★ StatTrak™） | 北方森林 (久经沙场),★ StatTrak™ Bowie Knife | Boreal Forest (Field-Tested),48.0,buff,544.0,-4.23,-5.88,,False,True,True,False
2026-07-06,P250 | 狂野飞溅 (久经沙场),P250 | Splash (Field-Tested),48.0,buff,129.0,9.3,0.78,,True,False,True,False
2026-07-06,折刀（★ StatTrak™） | 狩猎网格 (略有磨损),★ StatTrak™ Navaja Knife | Safari Mesh (Minimal Wear),48.0,buff,489.5,-6.33,-16.24,,True,False,True,False
2026-07-06,Tec-9 | 骨化之色 (略有磨损),Tec-9 | Ossified (Minimal Wear),48.0,buff,157.0,-16.56,-12.74,,False,True,True,False
2026-07-06,弯刀（★ StatTrak™） | 大马士革钢 (久经沙场),★ StatTrak™ Falchion Knife | Damascus Steel (Field-Tested),48.0,buff,783.0,-2.17,-2.17,,False,True,True,False
2026-07-06,PP-野牛 | 碳素纤维 (略有磨损),PP-Bizon | Carbon Fiber (Minimal Wear),48.0,buff,37.68,28.03,2.81,,False,True,True,False
2026-07-06,弯刀（★ StatTrak™） | 狩猎网格 (久经沙场),★ StatTrak™ Falchion Knife | Safari Mesh (Field-Tested),48.0,buff,460.0,-0.87,-11.74,,False,True,True,False
2026-07-06,弯刀（★ StatTrak™） | 致命紫罗兰 (久经沙场),★ StatTrak™ Falchion Knife | Ultraviolet (Field-Tested),48.0,buff,640.99,0.15,-11.39,,False,True,True,False
2026-07-06,双持贝瑞塔 | 报应 (崭新出厂),Dual Berettas | Retribution (Factory New),48.0,buff,37.88,9.69,18.98,,False,True,True,False
2026-07-06,弯刀（★ StatTrak™） | 枯焦之色 (久经沙场),★ StatTrak™ Falchion Knife | Scorched (Field-Tested),48.0,buff,553.0,0.0,5.42,,True,False,True,False
2026-07-06,M4A4 | 现代猎手 (略有磨损),M4A4 | Modern Hunter (Minimal Wear),48.0,buff,807.0,2.35,5.33,,False,True,True,False
2026-07-06,格洛克18型 | 沙丘之黄 (久经沙场),Glock-18 | Sand Dune (Field-Tested),48.0,buff,56.81,8.68,6.97,,True,False,True,False
2026-07-06,穿肠刀（★ StatTrak™） | 深红之网 (久经沙场),★ StatTrak™ Gut Knife | Crimson Web (Field-Tested),48.0,buff,630.0,8.57,2.86,,False,True,True,False
2026-07-06,鲍伊猎刀（★ StatTrak™） | 噩梦之夜 (久经沙场),★ StatTrak™ Bowie Knife | Night (Field-Tested),48.0,buff,600.0,11.67,7.0,,False,True,True,False
2026-07-06,AUG | 璞玉 (久经沙场),AUG | Carved Jade (Field-Tested),48.0,buff,109.0,-4.59,0.92,,False,True,True,False
2026-07-06,P2000 | 致命红蝎 (略有磨损),P2000 | Scorpion (Minimal Wear),48.0,buff,389.0,,27.51,,True,False,True,False
2026-07-06,暗影双匕（★） | 渐变大理石 (略有磨损),★ Shadow Daggers | Marble Fade (Minimal Wear),48.0,buff,831.0,3.37,-2.17,,False,True,True,False
2026-07-06,MAG-7 | 棱彩阶梯 (久经沙场),MAG-7 | Prism Terrace (Field-Tested),48.0,buff,249.0,-1.61,-2.01,,False,True,True,False
2026-07-06,双持贝瑞塔 | 报应 (略有磨损),Dual Berettas | Retribution (Minimal Wear),48.0,buff,28.72,-1.81,-9.89,,False,True,True,False
2026-07-06,双持贝瑞塔 | 报应 (久经沙场),Dual Berettas | Retribution (Field-Tested),48.0,buff,23.86,-16.22,-18.27,,False,True,True,False
2026-07-06,新星 | 森林之叶 (略有磨损),Nova | Forest Leaves (Minimal Wear),48.0,buff,64.69,-8.01,0.0,,False,False,True,False
2026-07-07,MAG-7 | 棱彩阶梯 (久经沙场),MAG-7 | Prism Terrace (Field-Tested),48.0,buff,245.0,0.0,-0.41,,False,True,True,False
2026-07-07,骷髅匕首（★） | 狩猎网格 (崭新出厂),★ Skeleton Knife | Safari Mesh (Factory New),48.0,buff,1220.0,32.13,30.9,,False,True,True,False
2026-07-07,FN57 | 电镀青铜 (略有磨损),Five-SeveN | Anodized Gunmetal (Minimal Wear),48.0,buff,122.0,-1.64,-4.1,,False,False,True,False
2026-07-07,鲍伊猎刀（★ StatTrak™） | 森林 DDPAT (久经沙场),★ StatTrak™ Bowie Knife | Forest DDPAT (Field-Tested),48.0,buff,493.0,-2.64,8.32,,False,True,True,False
2026-07-07,系绳匕首（★ StatTrak™） | 蓝钢 (久经沙场),★ StatTrak™ Paracord Knife | Blue Steel (Field-Tested),48.0,buff,691.0,-0.14,-1.59,,False,True,True,False
2026-07-07,双持贝瑞塔 | 报应 (久经沙场),Dual Berettas | Retribution (Field-Tested),48.0,buff,22.92,-12.78,-14.92,,False,True,True,False
2026-07-07,G3SG1 | 雇佣兵 (久经沙场),G3SG1 | Contractor (Field-Tested),48.0,buff,20.35,-0.34,4.42,,True,False,True,False
2026-07-07,P250 | 狂野飞溅 (久经沙场),P250 | Splash (Field-Tested),48.0,buff,125.0,12.8,4.0,,True,False,True,False
2026-07-07,折刀（★ StatTrak™） | 狩猎网格 (略有磨损),★ StatTrak™ Navaja Knife | Safari Mesh (Minimal Wear),48.0,buff,495.5,-7.47,-17.26,,True,False,True,False
2026-07-07,Tec-9 | 骨化之色 (略有磨损),Tec-9 | Ossified (Minimal Wear),48.0,buff,156.0,-16.03,-12.18,,False,True,True,False
2026-07-07,弯刀（★ StatTrak™） | 大马士革钢 (久经沙场),★ StatTrak™ Falchion Knife | Damascus Steel (Field-Tested),48.0,buff,782.0,-2.05,-2.05,,False,True,True,False
2026-07-07,MAC-10 | 绯红镂刻 (久经沙场),MAC-10 | Red Filigree (Field-Tested),48.0,buff,653.0,42.11,42.88,,False,True,True,False
2026-07-07,新星 | 石墨黑 (略有磨损),Nova | Graphite (Minimal Wear),48.0,buff,84.79,-3.79,-9.68,,False,True,True,False
2026-07-07,弯刀（★ StatTrak™） | 狩猎网格 (久经沙场),★ StatTrak™ Falchion Knife | Safari Mesh (Field-Tested),48.0,buff,457.0,-0.22,-11.16,,False,True,True,False
2026-07-07,新星 | 火焰橙 (久经沙场),Nova | Blaze Orange (Field-Tested),48.0,buff,147.0,-2.73,-14.29,,True,False,True,False
2026-07-07,P90 | 星辰巨蟒 (略有磨损),P90 | Astral Jörmungandr (Minimal Wear),48.0,buff,2817.0,-9.98,-20.73,,False,True,True,False
2026-07-07,M4A4 | 现代猎手 (略有磨损),M4A4 | Modern Hunter (Minimal Wear),48.0,buff,796.0,3.77,6.78,,False,True,True,False
2026-07-07,CZ75自动型 | 丛林虚线 (崭新出厂),CZ75-Auto | Jungle Dashed (Factory New),48.0,buff,26.16,33.33,48.62,,True,False,True,False
2026-07-07,穿肠刀（★ StatTrak™） | 深红之网 (久经沙场),★ StatTrak™ Gut Knife | Crimson Web (Field-Tested),48.0,buff,710.0,-3.66,-8.73,,False,True,True,False
2026-07-07,AUG | 璞玉 (久经沙场),AUG | Carved Jade (Field-Tested),48.0,buff,109.0,-4.59,0.92,,False,True,True,False
2026-07-07,P2000 | 致命红蝎 (略有磨损),P2000 | Scorpion (Minimal Wear),48.0,buff,395.0,,25.57,,False,True,True,False
2026-07-07,暗影双匕（★） | 渐变大理石 (略有磨损),★ Shadow Daggers | Marble Fade (Minimal Wear),48.0,buff,869.0,-1.15,-6.44,,False,True,True,False
2026-07-07,UMP-45 | 炽烈之炎 (略有磨损),UMP-45 | Blaze (Minimal Wear),48.0,buff,339.0,-3.83,-5.01,,True,False,True,False
2026-07-07,折叠刀（★ StatTrak™） | 森林 DDPAT (略有磨损),★ StatTrak™ Flip Knife | Forest DDPAT (Minimal Wear),48.0,buff,905.0,10.61,37.13,,False,False,True,False
2026-07-07,双持贝瑞塔 | 报应 (略有磨损),Dual Berettas | Retribution (Minimal Wear),48.0,buff,27.89,1.11,-7.21,,False,True,True,False
2026-07-07,鲍伊猎刀（★ StatTrak™） | 北方森林 (久经沙场),★ StatTrak™ Bowie Knife | Boreal Forest (Field-Tested),48.0,buff,545.0,-4.4,-6.06,,False,True,True,False
2026-07-07,新星 | 森林之叶 (略有磨损),Nova | Forest Leaves (Minimal Wear),48.0,buff,60.22,-1.18,7.42,,False,False,True,False
2026-07-07,廓尔喀刀（★） | 北方森林 (崭新出厂),★ Kukri Knife | Boreal Forest (Factory New),48.0,buff,672.0,7.29,9.38,,False,True,True,False
2026-07-07,PP-野牛 | 碳素纤维 (略有磨损),PP-Bizon | Carbon Fiber (Minimal Wear),48.0,buff,37.68,28.03,2.81,,False,True,True,False
2026-07-08,折叠刀（★ StatTrak™） | 森林 DDPAT (略有磨损),★ StatTrak™ Flip Knife | Forest DDPAT (Minimal Wear),48.0,buff,905.0,28.62,37.13,,False,False,True,False
2026-07-08,双持贝瑞塔 | 报应 (略有磨损),Dual Berettas | Retribution (Minimal Wear),48.0,buff,26.78,-2.35,-3.36,,False,True,True,False
2026-07-08,FN57 | 电镀青铜 (略有磨损),Five-SeveN | Anodized Gunmetal (Minimal Wear),48.0,buff,117.0,4.27,0.0,,False,False,True,False
2026-07-08,鲍伊猎刀（★ StatTrak™） | 森林 DDPAT (久经沙场),★ StatTrak™ Bowie Knife | Forest DDPAT (Field-Tested),48.0,buff,493.0,-1.01,8.32,,False,True,True,False
2026-07-08,双持贝瑞塔 | 报应 (久经沙场),Dual Berettas | Retribution (Field-Tested),48.0,buff,22.57,-13.11,-13.6,,False,True,True,False
2026-07-08,新星 | 森林之叶 (略有磨损),Nova | Forest Leaves (Minimal Wear),48.0,buff,59.9,8.01,8.0,,False,False,True,False
2026-07-08,折刀（★ StatTrak™） | 狩猎网格 (略有磨损),★ StatTrak™ Navaja Knife | Safari Mesh (Minimal Wear),48.0,buff,432.0,3.82,-5.09,,True,False,True,False
2026-07-08,廓尔喀刀（★） | 北方森林 (崭新出厂),★ Kukri Knife | Boreal Forest (Factory New),48.0,buff,672.0,9.23,9.38,,False,True,True,False
2026-07-08,弯刀（★ StatTrak™） | 大马士革钢 (久经沙场),★ StatTrak™ Falchion Knife | Damascus Steel (Field-Tested),48.0,buff,780.0,-1.8,-1.8,,False,True,True,False
2026-07-08,弯刀（★ StatTrak™） | 狩猎网格 (久经沙场),★ StatTrak™ Falchion Knife | Safari Mesh (Field-Tested),48.0,buff,457.0,-2.19,-11.16,,False,True,True,False
2026-07-08,双持贝瑞塔 | 报应 (崭新出厂),Dual Berettas | Retribution (Factory New),48.0,buff,37.39,14.09,20.54,,False,True,True,False
2026-07-08,弯刀（★ StatTrak™） | 枯焦之色 (久经沙场),★ StatTrak™ Falchion Knife | Scorched (Field-Tested),48.0,buff,579.0,1.3,0.69,,False,True,True,False
2026-07-08,P90 | 星辰巨蟒 (略有磨损),P90 | Astral Jörmungandr (Minimal Wear),48.0,buff,2706.0,-13.62,-17.48,,False,True,True,False
2026-07-08,CZ75自动型 | 丛林虚线 (崭新出厂),CZ75-Auto | Jungle Dashed (Factory New),48.0,buff,26.01,100.56,49.48,,True,False,True,False
2026-07-08,穿肠刀（★ StatTrak™） | 深红之网 (久经沙场),★ StatTrak™ Gut Knife | Crimson Web (Field-Tested),48.0,buff,693.0,-5.92,-6.49,,False,True,True,False
2026-07-08,AUG | 璞玉 (久经沙场),AUG | Carved Jade (Field-Tested),48.0,buff,109.0,6.42,0.92,,False,True,True,False
2026-07-08,暗影双匕（★） | 渐变大理石 (略有磨损),★ Shadow Daggers | Marble Fade (Minimal Wear),48.0,buff,861.0,-0.46,-5.57,,False,True,True,False
2026-07-08,UMP-45 | 炽烈之炎 (略有磨损),UMP-45 | Blaze (Minimal Wear),48.0,buff,344.0,-1.6,-6.4,,True,False,True,False
2026-07-08,MAG-7 | 棱彩阶梯 (久经沙场),MAG-7 | Prism Terrace (Field-Tested),48.0,buff,245.0,2.86,-0.41,,False,True,True,False
2026-07-08,穿肠刀（★ StatTrak™） | 枯焦之色 (久经沙场),★ StatTrak™ Gut Knife | Scorched (Field-Tested),48.0,buff,468.0,8.87,7.69,,False,True,True,False
2026-07-08,系绳匕首（★ StatTrak™） | 蓝钢 (久经沙场),★ StatTrak™ Paracord Knife | Blue Steel (Field-Tested),48.0,buff,696.0,-4.17,-2.3,,False,True,True,False
2026-07-08,USP消音版 | 血清 (久经沙场),USP-S | Serum (Field-Tested),48.0,buff,347.0,3.17,2.88,,False,True,True,False
2026-07-08,AUG | 殖民侵略者 (略有磨损),AUG | Colony (Minimal Wear),48.0,buff,20.89,4.6,-0.19,,False,False,True,False
2026-07-08,鲍伊猎刀（★ StatTrak™） | 北方森林 (久经沙场),★ StatTrak™ Bowie Knife | Boreal Forest (Field-Tested),48.0,buff,543.0,-5.71,-5.71,,False,True,True,False
2026-07-08,Tec-9 | 骨化之色 (略有磨损),Tec-9 | Ossified (Minimal Wear),48.0,buff,153.0,-5.23,-10.46,,False,True,True,False
2026-07-08,新星 | 石墨黑 (略有磨损),Nova | Graphite (Minimal Wear),48.0,buff,84.43,-3.94,-9.3,,False,True,True,False
2026-07-08,FN57 | 三位一体 (略有磨损),Five-SeveN | Triumvirate (Minimal Wear),48.0,buff,26.64,0.53,-0.9,,True,False,True,False
2026-07-08,SG 553 | 辐射警告 (久经沙场),SG 553 | Fallout Warning (Field-Tested),48.0,buff,22.55,3.24,3.02,,False,True,True,False
2026-07-08,弯刀（★ StatTrak™） | 致命紫罗兰 (久经沙场),★ StatTrak™ Falchion Knife | Ultraviolet (Field-Tested),48.0,buff,634.0,2.05,-10.41,,False,True,True,False
2026-07-08,新星 | 火焰橙 (久经沙场),Nova | Blaze Orange (Field-Tested),48.0,buff,146.98,-9.53,-14.27,,True,False,True,False
2026-07-09,MP7 | 卷云 (崭新出厂),MP7 | Cirrus (Factory New),27.5,eco,142.44,-15.42,-14.06,,True,True,True,False
2026-07-09,AK-47 | 爱神 (崭新出厂),AK-47 | Aphrodite (Factory New),27.3,eco,2957.45,-10.7,-20.88,,True,True,True,False
2026-07-09,AWP | 剧终 (崭新出厂),AWP | The End (Factory New),26.9,eco,580.0,-17.24,-18.29,,True,True,True,False
2026-07-09,FN57 | 毛细血管 (崭新出厂),Five-SeveN | Capillary (Factory New),26.5,eco,36.8,-4.37,-26.21,,True,True,True,False
2026-07-09,G3SG1 | 公海 (略有磨损),G3SG1 | High Seas (Minimal Wear),26.5,eco,21.37,12.96,-5.03,,True,True,True,False
2026-07-09,MP7 | 权力之心 (略有磨损),MP7 | Powercore (Minimal Wear),26.4,eco,36.71,-3.62,1.95,,True,True,True,False
2026-07-09,沙漠之鹰 | 锈蚀烈焰 (崭新出厂),Desert Eagle | Oxide Blaze (Factory New),26.0,eco,20.8,-12.64,-31.06,,True,True,True,False
2026-07-09,新星 | 玩具士兵 (略有磨损),Nova | Toy Soldier (Minimal Wear),25.4,eco,49.71,12.45,-8.59,,True,True,True,False
2026-07-09,P2000 | 草皮 (略有磨损),P2000 | Turf (Minimal Wear),25.1,eco,38.21,-1.32,-13.22,,True,True,True,False
2026-07-10,鲍伊猎刀（★ StatTrak™） | 森林 DDPAT (久经沙场),★ StatTrak™ Bowie Knife | Forest DDPAT (Field-Tested),48.0,buff,486.0,0.41,8.85,,False,True,True,False
2026-07-10,系绳匕首（★ StatTrak™） | 蓝钢 (久经沙场),★ StatTrak™ Paracord Knife | Blue Steel (Field-Tested),48.0,buff,696.0,-4.17,-0.72,,True,False,True,False
2026-07-10,双持贝瑞塔 | 报应 (久经沙场),Dual Berettas | Retribution (Field-Tested),48.0,buff,21.28,-7.85,-7.42,,False,True,True,False
2026-07-10,鲍伊猎刀（★ StatTrak™） | 北方森林 (久经沙场),★ StatTrak™ Bowie Knife | Boreal Forest (Field-Tested),48.0,buff,539.0,-5.01,-5.01,,False,True,True,False
2026-07-10,新星 | 森林之叶 (略有磨损),Nova | Forest Leaves (Minimal Wear),48.0,buff,60.15,7.56,-0.86,,False,False,True,False
2026-07-10,折刀（★ StatTrak™） | 狩猎网格 (略有磨损),★ StatTrak™ Navaja Knife | Safari Mesh (Minimal Wear),48.0,buff,464.5,-3.44,-12.7,,True,False,True,False
2026-07-10,廓尔喀刀（★） | 北方森林 (崭新出厂),★ Kukri Knife | Boreal Forest (Factory New),48.0,buff,721.99,1.66,13.3,,False,True,True,False
2026-07-10,SG 553 | 辐射警告 (久经沙场),SG 553 | Fallout Warning (Field-Tested),48.0,buff,23.04,1.04,-14.19,,True,False,True,False
2026-07-10,弯刀（★ StatTrak™） | 枯焦之色 (久经沙场),★ StatTrak™ Falchion Knife | Scorched (Field-Tested),48.0,buff,578.0,1.47,-1.04,,False,True,True,False
2026-07-10,新星 | 火焰橙 (久经沙场),Nova | Blaze Orange (Field-Tested),48.0,buff,144.98,-8.28,-11.71,,True,False,True,False
2026-07-10,P90 | 星辰巨蟒 (略有磨损),P90 | Astral Jörmungandr (Minimal Wear),48.0,buff,2621.0,-10.82,-14.8,,False,True,True,False
2026-07-10,M4A4 | 现代猎手 (略有磨损),M4A4 | Modern Hunter (Minimal Wear),48.0,buff,826.0,0.0,0.85,,False,True,True,False
2026-07-10,M249 | 丛林 DDPAT (久经沙场),M249 | Jungle DDPAT (Field-Tested),48.0,buff,26.56,-1.66,-14.95,,False,True,True,False
2026-07-10,穿肠刀（★ StatTrak™） | 深红之网 (久经沙场),★ StatTrak™ Gut Knife | Crimson Web (Field-Tested),48.0,buff,681.0,-4.26,-4.85,,False,True,True,False
2026-07-10,AUG | 璞玉 (久经沙场),AUG | Carved Jade (Field-Tested),48.0,buff,104.0,11.54,-0.96,,True,False,True,False
2026-07-10,暗影双匕（★） | 渐变大理石 (略有磨损),★ Shadow Daggers | Marble Fade (Minimal Wear),48.0,buff,857.0,0.0,-0.82,,False,True,True,False
2026-07-10,UMP-45 | 炽烈之炎 (略有磨损),UMP-45 | Blaze (Minimal Wear),48.0,buff,347.0,-2.45,-9.22,,True,False,True,False
2026-07-10,MAG-7 | 棱彩阶梯 (久经沙场),MAG-7 | Prism Terrace (Field-Tested),48.0,buff,245.0,2.86,0.82,,False,True,True,False
2026-07-10,双持贝瑞塔 | 报应 (略有磨损),Dual Berettas | Retribution (Minimal Wear),48.0,buff,28.2,-7.27,-13.16,,True,False,True,False
2026-07-10,FN57 | 电镀青铜 (略有磨损),Five-SeveN | Anodized Gunmetal (Minimal Wear),48.0,buff,121.0,0.83,14.05,,False,False,True,False
2026-07-10,AUG | 殖民侵略者 (略有磨损),AUG | Colony (Minimal Wear),48.0,buff,20.89,4.6,-21.64,,False,False,True,False
2026-07-10,G3SG1 | 雇佣兵 (久经沙场),G3SG1 | Contractor (Field-Tested),48.0,buff,20.17,0.55,7.98,,True,False,True,False
2026-07-10,折刀（★ StatTrak™） | 北方森林 (略有磨损),★ StatTrak™ Navaja Knife | Boreal Forest (Minimal Wear),48.0,buff,445.0,0.79,1.12,,False,False,True,False
2026-07-10,Tec-9 | 骨化之色 (略有磨损),Tec-9 | Ossified (Minimal Wear),48.0,buff,149.0,-2.68,-10.74,,False,True,True,False
2026-07-10,弯刀（★ StatTrak™） | 大马士革钢 (久经沙场),★ StatTrak™ Falchion Knife | Damascus Steel (Field-Tested),48.0,buff,765.99,0.0,0.0,,False,True,True,False
2026-07-10,新星 | 石墨黑 (略有磨损),Nova | Graphite (Minimal Wear),48.0,buff,85.63,-5.29,-11.87,,False,True,True,False
2026-07-10,弯刀（★ StatTrak™） | 狩猎网格 (久经沙场),★ StatTrak™ Falchion Knife | Safari Mesh (Field-Tested),48.0,buff,456.0,-1.97,-6.36,,True,False,True,False
2026-07-10,弯刀（★ StatTrak™） | 致命紫罗兰 (久经沙场),★ StatTrak™ Falchion Knife | Ultraviolet (Field-Tested),48.0,buff,640.0,1.09,0.07,,False,True,True,False
2026-07-10,P250 | 多面体 (崭新出厂),P250 | Facets (Factory New),48.0,buff,316.0,-16.46,-21.2,,False,False,True,False
2026-07-10,双持贝瑞塔 | 深蓝电镀处理 (略有磨损),Dual Berettas | Anodized Navy (Minimal Wear),48.0,buff,102.0,-5.95,8.82,,True,False,True,False
2026-07-11,MP7 | 权力之心 (略有磨损),MP7 | Powercore (Minimal Wear),27.6,eco,32.91,7.29,8.05,,True,True,True,False
2026-07-11,MP7 | 卷云 (崭新出厂),MP7 | Cirrus (Factory New),27.5,eco,138.2,-10.03,-11.11,,True,True,True,False
2026-07-11,AK-47 | 爱神 (崭新出厂),AK-47 | Aphrodite (Factory New),26.9,eco,2848.0,-11.41,-17.84,,True,True,True,False
2026-07-11,FN57 | 毛细血管 (崭新出厂),Five-SeveN | Capillary (Factory New),26.8,eco,39.29,-18.83,-31.66,,True,True,True,False
2026-07-11,新星 | 玩具士兵 (略有磨损),Nova | Toy Soldier (Minimal Wear),26.8,eco,48.52,3.5,-2.93,,True,True,True,False
2026-07-11,USP消音版 | 一颗入眠 (崭新出厂),USP-S | Sleeping Potion (Factory New),26.2,eco,71.0,0.08,-8.45,,True,True,True,False
2026-07-11,AWP | 剧终 (崭新出厂),AWP | The End (Factory New),26.0,eco,588.0,-14.4,-19.56,,True,True,True,False
2026-07-11,FN57 | 混合体 (崭新出厂),Five-SeveN | Hybrid (Factory New),25.6,eco,31.29,-6.05,-14.09,,True,True,True,False
2026-07-11,G3SG1 | 公海 (略有磨损),G3SG1 | High Seas (Minimal Wear),25.3,eco,21.51,0.65,-2.42,,True,True,True,False
2026-07-12,UMP-45 | 炽烈之炎 (略有磨损),UMP-45 | Blaze (Minimal Wear),48.0,buff,326.0,10.33,-3.37,,False,True,True,False
2026-07-12,双持贝瑞塔 | 报应 (略有磨损),Dual Berettas | Retribution (Minimal Wear),48.0,buff,27.82,-6.03,-11.97,,False,True,True,False
2026-07-12,FN57 | 电镀青铜 (略有磨损),Five-SeveN | Anodized Gunmetal (Minimal Wear),48.0,buff,114.0,7.6,21.05,,False,True,True,False
2026-07-12,鲍伊猎刀（★ StatTrak™） | 森林 DDPAT (久经沙场),★ StatTrak™ Bowie Knife | Forest DDPAT (Field-Tested),48.0,buff,480.0,4.44,10.21,,True,False,True,False
2026-07-12,AUG | 殖民侵略者 (略有磨损),AUG | Colony (Minimal Wear),48.0,buff,21.92,-3.06,-25.32,,False,True,True,False
2026-07-12,鲍伊猎刀（★ StatTrak™） | 北方森林 (久经沙场),★ StatTrak™ Bowie Knife | Boreal Forest (Field-Tested),48.0,buff,516.0,1.49,-0.78,,False,True,True,False
2026-07-12,折刀（★ StatTrak™） | 北方森林 (略有磨损),★ StatTrak™ Navaja Knife | Boreal Forest (Minimal Wear),48.0,buff,446.0,0.34,0.9,,False,False,True,False
2026-07-12,新星 | 森林之叶 (略有磨损),Nova | Forest Leaves (Minimal Wear),48.0,buff,59.51,8.71,0.2,,False,False,True,False
2026-07-12,廓尔喀刀（★） | 北方森林 (崭新出厂),★ Kukri Knife | Boreal Forest (Factory New),48.0,buff,720.99,1.94,13.46,,False,True,True,False
2026-07-12,弯刀（★ StatTrak™） | 大马士革钢 (久经沙场),★ StatTrak™ Falchion Knife | Damascus Steel (Field-Tested),48.0,buff,765.99,0.0,0.0,,False,True,True,False
2026-07-12,新星 | 石墨黑 (略有磨损),Nova | Graphite (Minimal Wear),48.0,buff,81.58,3.88,-7.49,,False,True,True,False
2026-07-12,PP-野牛 | 碳素纤维 (略有磨损),PP-Bizon | Carbon Fiber (Minimal Wear),48.0,buff,48.18,-30.27,-30.53,,True,False,True,False
2026-07-12,弯刀（★ StatTrak™） | 狩猎网格 (久经沙场),★ StatTrak™ Falchion Knife | Safari Mesh (Field-Tested),48.0,buff,456.0,-3.29,-6.36,,False,True,True,False
2026-07-12,弯刀（★ StatTrak™） | 致命紫罗兰 (久经沙场),★ StatTrak™ Falchion Knife | Ultraviolet (Field-Tested),48.0,buff,641.99,0.62,-0.24,,False,True,True,False
2026-07-12,暗影双匕（★） | 渐变之色 (略有磨损),★ Shadow Daggers | Fade (Minimal Wear),48.0,buff,1554.0,-4.7,8.62,,False,True,True,False
2026-07-12,双持贝瑞塔 | 深蓝电镀处理 (略有磨损),Dual Berettas | Anodized Navy (Minimal Wear),48.0,buff,105.0,-8.33,5.71,,True,False,True,False
2026-07-12,P250 | 钢铁禁锢 (久经沙场),P250 | Steel Disruption (Field-Tested),48.0,buff,24.68,1.86,25.12,,True,False,True,False
2026-07-12,P2000 | 海之泡沫 (略有磨损),P2000 | Ocean Foam (Minimal Wear),48.0,buff,807.0,-2.85,-5.08,,False,True,True,False
2026-07-12,海豹短刀（★ StatTrak™） | 表面淬火 (久经沙场),★ StatTrak™ Classic Knife | Case Hardened (Field-Tested),48.0,buff,1104.0,0.0,0.0,,True,False,True,False
2026-07-12,MAG-7 | 棱彩阶梯 (久经沙场),MAG-7 | Prism Terrace (Field-Tested),48.0,buff,258.0,-4.13,-4.26,,True,False,True,False
2026-07-12,系绳匕首（★ StatTrak™） | 蓝钢 (久经沙场),★ StatTrak™ Paracord Knife | Blue Steel (Field-Tested),48.0,buff,691.0,-1.59,-0.0,,True,False,True,False
2026-07-12,USP消音版 | 血清 (久经沙场),USP-S | Serum (Field-Tested),48.0,buff,348.0,2.01,-0.29,,True,False,True,False
2026-07-12,G3SG1 | 雇佣兵 (久经沙场),G3SG1 | Contractor (Field-Tested),48.0,buff,20.28,-4.88,7.4,,True,False,True,False
2026-07-12,折刀（★ StatTrak™） | 狩猎网格 (略有磨损),★ StatTrak™ Navaja Knife | Safari Mesh (Minimal Wear),48.0,buff,448.5,-0.48,-9.59,,True,False,True,False
2026-07-12,Tec-9 | 骨化之色 (略有磨损),Tec-9 | Ossified (Minimal Wear),48.0,buff,133.0,3.26,0.0,,False,True,True,False
2026-07-12,SG 553 | 辐射警告 (久经沙场),SG 553 | Fallout Warning (Field-Tested),48.0,buff,24.0,-1.24,-17.62,,True,False,True,False
2026-07-12,弯刀（★ StatTrak™） | 枯焦之色 (久经沙场),★ StatTrak™ Falchion Knife | Scorched (Field-Tested),48.0,buff,553.0,10.25,3.44,,True,False,True,False
2026-07-12,新星 | 火焰橙 (久经沙场),Nova | Blaze Orange (Field-Tested),48.0,buff,136.98,-2.92,-6.56,,True,False,True,False
2026-07-12,P90 | 星辰巨蟒 (略有磨损),P90 | Astral Jörmungandr (Minimal Wear),48.0,buff,2621.0,-14.8,-14.8,,False,False,True,False
2026-07-12,M4A4 | 现代猎手 (略有磨损),M4A4 | Modern Hunter (Minimal Wear),48.0,buff,826.0,-6.9,0.85,,False,True,True,False
2026-07-13,UMP-45 | 炽烈之炎 (略有磨损),UMP-45 | Blaze (Minimal Wear),48.0,buff,343.0,-6.12,-8.16,,False,True,True,False
2026-07-13,系绳匕首（★ StatTrak™） | 蓝钢 (久经沙场),★ StatTrak™ Paracord Knife | Blue Steel (Field-Tested),48.0,buff,691.0,-1.59,-0.0,,True,False,True,False
2026-07-13,折刀（★ StatTrak™） | 北方森林 (略有磨损),★ StatTrak™ Navaja Knife | Boreal Forest (Minimal Wear),48.0,buff,445.0,0.56,1.12,,False,False,True,False
2026-07-13,新星 | 森林之叶 (略有磨损),Nova | Forest Leaves (Minimal Wear),48.0,buff,59.9,8.0,-0.45,,False,False,True,False
2026-07-13,廓尔喀刀（★） | 北方森林 (崭新出厂),★ Kukri Knife | Boreal Forest (Factory New),48.0,buff,720.99,1.94,13.46,,False,True,True,False
2026-07-13,弯刀（★ StatTrak™） | 大马士革钢 (久经沙场),★ StatTrak™ Falchion Knife | Damascus Steel (Field-Tested),48.0,buff,765.99,0.0,0.0,,False,True,True,False
2026-07-13,PP-野牛 | 碳素纤维 (略有磨损),PP-Bizon | Carbon Fiber (Minimal Wear),48.0,buff,48.09,-19.44,-30.4,,False,True,True,False
2026-07-13,弯刀（★ StatTrak™） | 致命紫罗兰 (久经沙场),★ StatTrak™ Falchion Knife | Ultraviolet (Field-Tested),48.0,buff,642.99,-11.66,-0.39,,False,True,True,False
2026-07-13,新星 | 火焰橙 (久经沙场),Nova | Blaze Orange (Field-Tested),48.0,buff,133.98,-5.96,-4.46,,True,False,True,False
2026-07-13,P90 | 星辰巨蟒 (略有磨损),P90 | Astral Jörmungandr (Minimal Wear),48.0,buff,2267.0,-1.5,-1.5,,False,True,True,False
2026-07-13,AUG | 璞玉 (久经沙场),AUG | Carved Jade (Field-Tested),48.0,buff,113.0,-2.65,-8.85,,False,True,True,False
2026-07-13,FN57 | 氮化处理 (久经沙场),Five-SeveN | Nitro (Field-Tested),48.0,buff,200.0,-11.5,-9.5,,True,False,True,False
2026-07-13,MAG-7 | 棱彩阶梯 (久经沙场),MAG-7 | Prism Terrace (Field-Tested),48.0,buff,257.0,-5.06,-3.89,,True,False,True,False
2026-07-13,穿肠刀（★ StatTrak™） | 枯焦之色 (久经沙场),★ StatTrak™ Gut Knife | Scorched (Field-Tested),48.0,buff,483.0,4.35,1.45,,False,True,True,False
2026-07-13,双持贝瑞塔 | 报应 (略有磨损),Dual Berettas | Retribution (Minimal Wear),48.0,buff,27.93,-7.34,-12.32,,False,True,True,False
2026-07-13,FN57 | 电镀青铜 (略有磨损),Five-SeveN | Anodized Gunmetal (Minimal Wear),48.0,buff,114.0,2.63,21.05,,False,True,True,False
2026-07-13,鲍伊猎刀（★ StatTrak™） | 森林 DDPAT (久经沙场),★ StatTrak™ Bowie Knife | Forest DDPAT (Field-Tested),48.0,buff,483.0,10.56,9.52,,False,True,True,False
2026-07-13,USP消音版 | 血清 (久经沙场),USP-S | Serum (Field-Tested),48.0,buff,349.0,2.29,-0.57,,False,True,True,False
2026-07-13,AUG | 殖民侵略者 (略有磨损),AUG | Colony (Minimal Wear),48.0,buff,21.94,-4.97,-25.39,,False,True,True,False
2026-07-13,G3SG1 | 雇佣兵 (久经沙场),G3SG1 | Contractor (Field-Tested),48.0,buff,20.28,4.78,7.4,,True,False,True,False
2026-07-13,鲍伊猎刀（★ StatTrak™） | 北方森林 (久经沙场),★ StatTrak™ Bowie Knife | Boreal Forest (Field-Tested),48.0,buff,516.0,-0.78,-0.78,,False,True,True,False
2026-07-13,折刀（★ StatTrak™） | 狩猎网格 (略有磨损),★ StatTrak™ Navaja Knife | Safari Mesh (Minimal Wear),48.0,buff,448.5,-8.58,-9.59,,True,False,True,False
2026-07-13,Tec-9 | 骨化之色 (略有磨损),Tec-9 | Ossified (Minimal Wear),48.0,buff,127.0,7.87,4.72,,False,True,True,False
2026-07-13,新星 | 石墨黑 (略有磨损),Nova | Graphite (Minimal Wear),48.0,buff,81.58,-6.13,-7.49,,False,True,True,False
2026-07-13,弯刀（★ StatTrak™） | 狩猎网格 (久经沙场),★ StatTrak™ Falchion Knife | Safari Mesh (Field-Tested),48.0,buff,455.0,-10.77,-6.15,,False,True,True,False
2026-07-13,SG 553 | 辐射警告 (久经沙场),SG 553 | Fallout Warning (Field-Tested),48.0,buff,23.87,-2.68,-17.18,,True,False,True,False
2026-07-13,弯刀（★ StatTrak™） | 枯焦之色 (久经沙场),★ StatTrak™ Falchion Knife | Scorched (Field-Tested),48.0,buff,552.0,5.62,3.62,,False,True,True,False
2026-07-13,M4A4 | 现代猎手 (略有磨损),M4A4 | Modern Hunter (Minimal Wear),48.0,buff,826.0,2.91,0.85,,False,True,True,False
2026-07-13,穿肠刀（★ StatTrak™） | 深红之网 (久经沙场),★ StatTrak™ Gut Knife | Crimson Web (Field-Tested),48.0,buff,672.0,-3.57,-3.57,,False,True,True,False
2026-07-13,SG 553 | 鳄鱼网格 (久经沙场),SG 553 | Gator Mesh (Field-Tested),48.0,buff,70.92,-1.64,-4.12,,False,True,True,False
2026-07-14,FN57 | 氮化处理 (久经沙场),Five-SeveN | Nitro (Field-Tested),48.0,buff,204.0,-13.24,-11.27,-2.45,True,False,True,False
2026-07-14,MAG-7 | 棱彩阶梯 (久经沙场),MAG-7 | Prism Terrace (Field-Tested),48.0,buff,251.0,-2.79,-1.59,-26.69,False,True,True,False
2026-07-14,FN57 | 电镀青铜 (略有磨损),Five-SeveN | Anodized Gunmetal (Minimal Wear),48.0,buff,114.0,2.63,21.05,28.95,False,True,True,False
2026-07-14,鲍伊猎刀（★ StatTrak™） | 森林 DDPAT (久经沙场),★ StatTrak™ Bowie Knife | Forest DDPAT (Field-Tested),48.0,buff,483.0,10.56,9.52,-7.87,False,True,True,False
2026-07-14,系绳匕首（★ StatTrak™） | 蓝钢 (久经沙场),★ StatTrak™ Paracord Knife | Blue Steel (Field-Tested),48.0,buff,654.0,3.97,5.66,2.75,True,False,True,False
2026-07-14,AUG | 殖民侵略者 (略有磨损),AUG | Colony (Minimal Wear),48.0,buff,21.89,-4.75,-25.22,-40.02,False,True,True,False
2026-07-14,G3SG1 | 雇佣兵 (久经沙场),G3SG1 | Contractor (Field-Tested),48.0,buff,20.28,4.78,7.4,34.62,True,False,True,False
2026-07-14,鲍伊猎刀（★ StatTrak™） | 北方森林 (久经沙场),★ StatTrak™ Bowie Knife | Boreal Forest (Field-Tested),48.0,buff,512.0,0.0,0.0,-11.52,False,True,True,False
2026-07-14,折刀（★ StatTrak™） | 狩猎网格 (略有磨损),★ StatTrak™ Navaja Knife | Safari Mesh (Minimal Wear),48.0,buff,452.5,-9.39,-10.39,4.53,False,True,True,False
2026-07-14,廓尔喀刀（★） | 北方森林 (崭新出厂),★ Kukri Knife | Boreal Forest (Factory New),48.0,buff,720.99,1.94,13.46,-1.94,False,True,True,False
2026-07-14,FN57 | 三位一体 (崭新出厂),Five-SeveN | Triumvirate (Factory New),48.0,buff,449.46,-21.71,-42.89,-76.87,False,True,True,False
2026-07-14,弯刀（★ StatTrak™） | 致命紫罗兰 (久经沙场),★ StatTrak™ Falchion Knife | Ultraviolet (Field-Tested),48.0,buff,656.99,-13.55,-2.52,-7.15,False,True,True,False
2026-07-14,M4A4 | 现代猎手 (略有磨损),M4A4 | Modern Hunter (Minimal Wear),48.0,buff,826.0,2.91,0.85,-3.27,False,True,True,False
2026-07-14,M249 | 丛林 DDPAT (久经沙场),M249 | Jungle DDPAT (Field-Tested),48.0,buff,26.79,-12.8,-15.68,-12.5,False,True,True,False
2026-07-14,穿肠刀（★ StatTrak™） | 深红之网 (久经沙场),★ StatTrak™ Gut Knife | Crimson Web (Field-Tested),48.0,buff,664.0,-2.41,-2.41,-2.56,False,True,True,False
2026-07-14,SG 553 | 鳄鱼网格 (久经沙场),SG 553 | Gator Mesh (Field-Tested),48.0,buff,69.02,1.07,-1.48,22.38,False,True,True,False
2026-07-14,AUG | 璞玉 (久经沙场),AUG | Carved Jade (Field-Tested),48.0,buff,113.0,-2.65,-8.85,-33.49,False,True,True,False
2026-07-14,暗影双匕（★） | 渐变大理石 (略有磨损),★ Shadow Daggers | Marble Fade (Minimal Wear),48.0,buff,869.97,-6.55,-2.3,-7.12,False,True,True,False
2026-07-14,UMP-45 | 炽烈之炎 (略有磨损),UMP-45 | Blaze (Minimal Wear),48.0,buff,343.0,-6.12,-8.16,,False,True,True,False
2026-07-14,穿肠刀（★ StatTrak™） | 枯焦之色 (久经沙场),★ StatTrak™ Gut Knife | Scorched (Field-Tested),48.0,buff,486.0,3.7,0.82,-9.47,True,False,True,False
2026-07-14,双持贝瑞塔 | 报应 (略有磨损),Dual Berettas | Retribution (Minimal Wear),48.0,buff,27.38,-5.48,-10.56,-23.3,False,True,True,False
2026-07-14,USP消音版 | 血清 (久经沙场),USP-S | Serum (Field-Tested),48.0,buff,343.0,4.08,1.17,0.29,False,True,True,False
2026-07-14,折刀（★ StatTrak™） | 北方森林 (略有磨损),★ StatTrak™ Navaja Knife | Boreal Forest (Minimal Wear),48.0,buff,446.0,0.34,0.9,7.62,False,False,True,False
2026-07-14,新星 | 森林之叶 (略有磨损),Nova | Forest Leaves (Minimal Wear),48.0,buff,63.4,2.03,-5.95,,False,False,True,False
2026-07-14,Tec-9 | 骨化之色 (略有磨损),Tec-9 | Ossified (Minimal Wear),48.0,buff,141.0,-2.84,-5.67,-0.71,False,True,True,False
2026-07-14,弯刀（★ StatTrak™） | 大马士革钢 (久经沙场),★ StatTrak™ Falchion Knife | Damascus Steel (Field-Tested),48.0,buff,765.99,0.0,0.0,-4.05,False,True,True,False
2026-07-14,新星 | 石墨黑 (略有磨损),Nova | Graphite (Minimal Wear),48.0,buff,85.48,-10.41,-11.71,-25.4,False,True,True,False
2026-07-14,PP-野牛 | 碳素纤维 (略有磨损),PP-Bizon | Carbon Fiber (Minimal Wear),48.0,buff,45.51,-14.88,-26.46,-25.42,True,False,True,False
2026-07-14,弯刀（★ StatTrak™） | 狩猎网格 (久经沙场),★ StatTrak™ Falchion Knife | Safari Mesh (Field-Tested),48.0,buff,466.0,-12.88,-8.37,2.04,False,True,True,False
2026-07-15,XM1014 | 火焰橙 (久经沙场),XM1014 | Blaze Orange (Field-Tested),48.0,buff,119.0,10.92,,9.24,True,False,True,False
2026-07-15,MAG-7 | 棱彩阶梯 (久经沙场),MAG-7 | Prism Terrace (Field-Tested),48.0,buff,251.0,-2.79,,-26.69,True,False,True,False
2026-07-15,双持贝瑞塔 | 报应 (略有磨损),Dual Berettas | Retribution (Minimal Wear),48.0,buff,27.08,-4.43,,-22.45,False,True,True,False
2026-07-15,系绳匕首（★ StatTrak™） | 蓝钢 (久经沙场),★ StatTrak™ Paracord Knife | Blue Steel (Field-Tested),48.0,buff,667.0,1.95,,0.75,True,False,True,False
2026-07-15,USP消音版 | 血清 (久经沙场),USP-S | Serum (Field-Tested),48.0,buff,343.0,4.08,,0.29,False,True,True,False
2026-07-15,AUG | 殖民侵略者 (略有磨损),AUG | Colony (Minimal Wear),48.0,buff,21.89,-4.75,,-40.02,False,True,True,False
2026-07-15,G3SG1 | 雇佣兵 (久经沙场),G3SG1 | Contractor (Field-Tested),48.0,buff,20.28,4.78,,34.62,True,False,True,False
2026-07-15,鲍伊猎刀（★ StatTrak™） | 北方森林 (久经沙场),★ StatTrak™ Bowie Knife | Boreal Forest (Field-Tested),48.0,buff,512.0,0.0,,-11.52,False,True,True,False
2026-07-15,折刀（★ StatTrak™） | 狩猎网格 (略有磨损),★ StatTrak™ Navaja Knife | Safari Mesh (Minimal Wear),48.0,buff,453.5,-9.59,,4.3,False,True,True,False
2026-07-15,廓尔喀刀（★） | 北方森林 (崭新出厂),★ Kukri Knife | Boreal Forest (Factory New),48.0,buff,720.99,1.94,,-1.94,False,True,True,False
2026-07-15,Tec-9 | 骨化之色 (略有磨损),Tec-9 | Ossified (Minimal Wear),48.0,buff,141.0,-2.84,,-0.71,False,True,True,False
2026-07-15,弯刀（★ StatTrak™） | 大马士革钢 (久经沙场),★ StatTrak™ Falchion Knife | Damascus Steel (Field-Tested),48.0,buff,761.0,0.66,,-3.42,False,True,True,False
2026-07-15,弯刀（★ StatTrak™） | 致命紫罗兰 (久经沙场),★ StatTrak™ Falchion Knife | Ultraviolet (Field-Tested),48.0,buff,628.0,-9.55,,-2.87,False,True,True,False
2026-07-15,M4A4 | 现代猎手 (略有磨损),M4A4 | Modern Hunter (Minimal Wear),48.0,buff,826.0,2.91,,-3.27,False,True,True,False
2026-07-15,M249 | 丛林 DDPAT (久经沙场),M249 | Jungle DDPAT (Field-Tested),48.0,buff,26.91,-13.19,,-12.89,False,True,True,False
2026-07-15,穿肠刀（★ StatTrak™） | 深红之网 (久经沙场),★ StatTrak™ Gut Knife | Crimson Web (Field-Tested),48.0,buff,663.0,-2.26,,-2.41,False,True,True,False
2026-07-15,SG 553 | 鳄鱼网格 (久经沙场),SG 553 | Gator Mesh (Field-Tested),48.0,buff,69.43,0.48,,21.66,False,True,True,False
2026-07-15,AUG | 璞玉 (久经沙场),AUG | Carved Jade (Field-Tested),48.0,buff,112.0,-1.79,,-32.89,False,True,True,False
2026-07-15,暗影双匕（★） | 渐变大理石 (略有磨损),★ Shadow Daggers | Marble Fade (Minimal Wear),48.0,buff,869.0,-6.44,,-7.02,False,True,True,False
2026-07-15,FN57 | 氮化处理 (久经沙场),Five-SeveN | Nitro (Field-Tested),48.0,buff,202.0,-12.38,,-1.49,True,False,True,False
2026-07-15,UMP-45 | 炽烈之炎 (略有磨损),UMP-45 | Blaze (Minimal Wear),48.0,buff,343.0,-6.12,,-7.58,False,True,True,False
2026-07-15,折叠刀（★ StatTrak™） | 森林 DDPAT (略有磨损),★ StatTrak™ Flip Knife | Forest DDPAT (Minimal Wear),48.0,buff,978.0,26.89,,-7.77,False,False,True,False
2026-07-15,FN57 | 电镀青铜 (略有磨损),Five-SeveN | Anodized Gunmetal (Minimal Wear),48.0,buff,114.0,2.63,,28.95,False,False,True,False
2026-07-15,鲍伊猎刀（★ StatTrak™） | 森林 DDPAT (久经沙场),★ StatTrak™ Bowie Knife | Forest DDPAT (Field-Tested),48.0,buff,487.0,9.65,,-8.62,True,False,True,False
2026-07-15,折刀（★ StatTrak™） | 北方森林 (略有磨损),★ StatTrak™ Navaja Knife | Boreal Forest (Minimal Wear),48.0,buff,445.0,1.12,,7.87,False,False,True,False
2026-07-15,新星 | 森林之叶 (略有磨损),Nova | Forest Leaves (Minimal Wear),48.0,buff,63.4,2.03,,,False,False,True,False
2026-07-15,FN57 | 三位一体 (崭新出厂),Five-SeveN | Triumvirate (Factory New),48.0,buff,442.42,-20.47,,-76.51,False,True,True,False
2026-07-15,新星 | 石墨黑 (略有磨损),Nova | Graphite (Minimal Wear),48.0,buff,83.17,-7.92,,-23.33,False,True,True,False
2026-07-15,PP-野牛 | 碳素纤维 (略有磨损),PP-Bizon | Carbon Fiber (Minimal Wear),48.0,buff,43.65,-11.25,,-22.25,True,False,True,False
2026-09-12,M4A4 | 渐变斑纹 (久经沙场),M4A4 | Faded Zebra (Field-Tested),55.1,buff,46.54,-5.12,-6.74,,True,False,True,True
2026-09-12,Tec-9 | 黄铜 (久经沙场),Tec-9 | Brass (Field-Tested),47.6,buff,25.6,-6.46,-4.68,,True,False,True,True
2026-09-12,新星 | 幽灵迷彩 (崭新出厂),Nova | Ghost Camo (Factory New),36.5,buff,21.67,-18.5,-7.89,,True,False,True,True
2026-09-12,SSG 08 | 热带风暴 (崭新出厂),SSG 08 | Tropical Storm (Factory New),36.1,buff,461.0,2.82,3.69,,False,False,True,True
2026-09-12,弯刀（★ StatTrak™） | 狩猎网格 (久经沙场),★ StatTrak™ Falchion Knife | Safari Mesh (Field-Tested),36.1,buff,401.0,6.23,0.62,,False,True,True,True
2026-09-12,穿肠刀（★ StatTrak™） | 传说 (久经沙场),★ StatTrak™ Gut Knife | Lore (Field-Tested),36.1,buff,601.0,-0.89,1.08,,False,True,True,True
2026-09-12,截短霰弹枪 | 至高皮革 (略有磨损),Sawed-Off | First Class (Minimal Wear),36.1,buff,207.0,51.69,38.16,,False,False,True,True
2026-09-12,SCAR-20 | 棕榈色 (崭新出厂),SCAR-20 | Palm (Factory New),36.0,buff,398.0,0.0,0.0,,False,True,True,True
2026-09-12,PP-野牛 | 外表生锈 (崭新出厂),PP-Bizon | Rust Coat (Factory New),36.0,buff,236.0,-11.44,-11.44,,False,False,True,True
2026-09-12,骷髅匕首（★ StatTrak™） | 渐变大理石 (略有磨损),★ StatTrak™ Skeleton Knife | Marble Fade (Minimal Wear),36.0,buff,3736.0,-4.87,6.6,,False,False,True,True
2026-09-12,求生匕首（★） | 渐变大理石 (略有磨损),★ Survival Knife | Marble Fade (Minimal Wear),36.0,buff,1034.99,-1.35,-5.91,,True,False,True,True
2026-09-12,鲍伊猎刀（★ StatTrak™） | 北方森林 (略有磨损),★ StatTrak™ Bowie Knife | Boreal Forest (Minimal Wear),36.0,buff,596.0,0.0,,,False,True,True,True
2026-09-12,SSG 08 | 玛雅之梦 (崭新出厂),SSG 08 | Mayan Dreams (Factory New),36.0,buff,444.0,-5.86,-7.63,,False,False,True,True
2026-09-12,穿肠刀（★ StatTrak™） | 噩梦之夜 (久经沙场),★ StatTrak™ Gut Knife | Night (Field-Tested),36.0,buff,418.5,0.0,0.84,,False,True,True,True
2026-09-12,鲍伊猎刀（★） | 渐变之色 (略有磨损),★ Bowie Knife | Fade (Minimal Wear),36.0,buff,1569.0,-1.59,-2.68,,False,True,True,True
2026-09-12,锯齿爪刀（★ StatTrak™） | 渐变大理石 (略有磨损),★ StatTrak™ Talon Knife | Marble Fade (Minimal Wear),36.0,buff,4443.0,-0.79,14.78,,False,True,True,True
2026-09-12,穿肠刀（★） | 渐变大理石 (略有磨损),★ Gut Knife | Marble Fade (Minimal Wear),36.0,buff,1009.0,0.0,-0.69,,False,True,True,True
2026-09-12,弯刀（★ StatTrak™） | 屠夫 (崭新出厂),★ StatTrak™ Falchion Knife | Slaughter (Factory New),36.0,buff,1935.0,-11.32,-19.38,,False,True,True,True
2026-09-12,2018年波士顿锦标赛竞争组（闪亮/全息）（含 Flash Gaming）,Boston 2018 Minor Challengers with Flash Gaming (Holo-Foil),35.3,buff,195.0,-3.42,-5.26,,True,False,True,True
2026-09-12,穿肠刀（★ StatTrak™） | 自由之手 (久经沙场),★ StatTrak™ Gut Knife | Freehand (Field-Tested),35.2,buff,422.99,1.02,-2.18,,False,True,True,True
2026-09-12,格洛克18型 | 黄铜 (久经沙场),Glock-18 | Brass (Field-Tested),32.4,buff,170.0,-3.24,-9.84,,True,False,True,True
2026-09-12,AWP | 黑匣子 (久经沙场),AWP | Black Box (Field-Tested),31.3,eco,29.2,0.08,-1.07,,True,True,True,False
2026-09-12,2014年 ESL One 科隆锦标赛挑战组,ESL One Cologne 2014 Challengers,31.1,buff,378.04,-0.57,-8.21,,True,True,True,True
2026-09-12,法玛斯 | 元素轮廓 (久经沙场),FAMAS | Valence (Field-Tested),30.8,buff,20.1,-2.07,-5.27,,True,False,True,True
2026-09-12,AUG | 穆拉诺之蓝 (略有磨损),AUG | Navy Murano (Minimal Wear),30.5,buff,23.23,-6.2,-12.48,,True,False,True,True
2026-09-12,加利尔AR | 橙黄 DDPAT (略有磨损),Galil AR | Orange DDPAT (Minimal Wear),30.0,buff,119.0,9.8,8.9,,True,True,True,True
2026-09-12,海豹短刀（★ StatTrak™） | 蓝钢 (久经沙场),★ StatTrak™ Classic Knife | Blue Steel (Field-Tested),29.9,buff,949.96,-17.05,9.9,,True,False,True,True
2026-09-12,PP-野牛 | 海鸟 (略有磨损),PP-Bizon | Seabird (Minimal Wear),29.5,buff,25.78,9.78,9.68,,True,False,True,True
2026-09-12,MP9 | 铁血玫瑰 (略有磨损),MP9 | Rose Iron (Minimal Wear),29.4,buff,43.74,-0.25,-10.04,,True,False,True,True
2026-09-12,新星 | 樱花之绚烂 (久经沙场),Nova | Bloomstick (Field-Tested),28.5,buff,64.86,5.84,1.77,,True,True,True,True
2026-09-13,M4A4 | 渐变斑纹 (久经沙场),M4A4 | Faded Zebra (Field-Tested),55.6,buff,45.81,-4.01,-5.64,,True,False,True,True
2026-09-13,双持贝瑞塔 | 都市冲击 (崭新出厂),Dual Berettas | Urban Shock (Factory New),52.7,buff,48.16,30.66,27.9,,True,False,True,True
2026-09-13,Tec-9 | 黄铜 (久经沙场),Tec-9 | Brass (Field-Tested),37.3,buff,23.66,0.49,2.61,,True,False,True,True
2026-09-13,截短霰弹枪 | 至高皮革 (略有磨损),Sawed-Off | First Class (Minimal Wear),36.1,buff,205.0,53.17,39.02,,False,False,True,True
2026-09-13,SSG 08 | 热带风暴 (崭新出厂),SSG 08 | Tropical Storm (Factory New),36.1,buff,461.0,2.91,3.69,,False,False,True,True
2026-09-13,弯刀（★ StatTrak™） | 狩猎网格 (久经沙场),★ StatTrak™ Falchion Knife | Safari Mesh (Field-Tested),36.1,buff,414.0,2.17,-0.48,,False,True,True,True
2026-09-13,穿肠刀（★ StatTrak™） | 传说 (久经沙场),★ StatTrak™ Gut Knife | Lore (Field-Tested),36.1,buff,598.0,-0.55,1.51,,False,True,True,True
2026-09-13,SCAR-20 | 棕榈色 (崭新出厂),SCAR-20 | Palm (Factory New),36.0,buff,398.0,0.0,0.0,,False,True,True,True
2026-09-13,骷髅匕首（★ StatTrak™） | 渐变大理石 (略有磨损),★ StatTrak™ Skeleton Knife | Marble Fade (Minimal Wear),36.0,buff,3722.0,9.09,2.55,,False,False,True,True
2026-09-13,求生匕首（★） | 渐变大理石 (略有磨损),★ Survival Knife | Marble Fade (Minimal Wear),36.0,buff,1050.99,-1.45,-7.38,,True,False,True,True
2026-09-13,穿肠刀（★ StatTrak™） | 噩梦之夜 (久经沙场),★ StatTrak™ Gut Knife | Night (Field-Tested),36.0,buff,418.5,0.0,-3.58,,False,True,True,True
2026-09-13,鲍伊猎刀（★） | 渐变之色 (略有磨损),★ Bowie Knife | Fade (Minimal Wear),36.0,buff,1565.0,0.86,0.45,,False,True,True,True
2026-09-13,锯齿爪刀（★ StatTrak™） | 渐变大理石 (略有磨损),★ StatTrak™ Talon Knife | Marble Fade (Minimal Wear),36.0,buff,4443.0,-0.79,21.52,,False,True,True,True
2026-09-13,PP-野牛 | 外表生锈 (崭新出厂),PP-Bizon | Rust Coat (Factory New),36.0,buff,236.0,-11.44,-11.44,,False,False,True,True
2026-09-13,穿肠刀（★） | 渐变大理石 (略有磨损),★ Gut Knife | Marble Fade (Minimal Wear),36.0,buff,1009.0,0.0,8.18,,False,True,True,True
2026-09-13,弯刀（★ StatTrak™） | 屠夫 (崭新出厂),★ StatTrak™ Falchion Knife | Slaughter (Factory New),36.0,buff,1935.0,-11.03,-15.36,,False,True,True,True
2026-09-13,SSG 08 | 玛雅之梦 (崭新出厂),SSG 08 | Mayan Dreams (Factory New),36.0,buff,444.0,-5.86,-4.56,,False,False,True,True
2026-09-13,穿肠刀（★ StatTrak™） | 自由之手 (久经沙场),★ StatTrak™ Gut Knife | Freehand (Field-Tested),35.8,buff,420.99,-0.24,-1.48,,False,True,True,True
2026-09-13,2018年波士顿锦标赛竞争组（闪亮/全息）（含 Flash Gaming）,Boston 2018 Minor Challengers with Flash Gaming (Holo-Foil),35.7,buff,194.0,-2.84,-5.15,,True,False,True,True
2026-09-13,新星 | 幽灵迷彩 (崭新出厂),Nova | Ghost Camo (Factory New),35.5,buff,21.67,0.55,-12.6,,True,False,True,True
2026-09-13,新星 | 兴风作浪 (略有磨损),Nova | Tempest (Minimal Wear),33.4,buff,28.98,0.28,3.01,,True,True,True,True
2026-09-13,格洛克18型 | 黄铜 (久经沙场),Glock-18 | Brass (Field-Tested),32.1,buff,170.0,-5.86,-10.16,,True,False,True,True
2026-09-13,猎杀者匕首（★ StatTrak™） | 深红之网 (久经沙场),★ StatTrak™ Huntsman Knife | Crimson Web (Field-Tested),31.6,buff,1017.0,-3.44,-11.23,,False,True,True,True
2026-09-13,2014年 ESL One 科隆锦标赛挑战组,ESL One Cologne 2014 Challengers,31.1,buff,378.04,-2.92,-8.34,,True,True,True,True
2026-09-13,海豹短刀（★ StatTrak™） | 蓝钢 (久经沙场),★ StatTrak™ Classic Knife | Blue Steel (Field-Tested),29.9,buff,949.96,-14.87,9.9,,True,False,True,True
2026-09-13,USP消音版 | 眩流 (略有磨损),USP-S | Spiral Glitch (Minimal Wear),27.9,eco,257.0,8.45,18.64,,True,True,True,False
2026-09-13,AUG | 星点天青 (略有磨损),AUG | Lapis Lazuli (Minimal Wear),27.9,eco,38.99,0.46,3.36,,True,True,True,False
2026-09-13,CZ75自动型 | 液压 (崭新出厂),CZ75-Auto | Hydraulics (Factory New),27.7,eco,62.57,-1.08,6.99,,True,True,True,False
2026-09-13,新星 | 樱花之绚烂 (久经沙场),Nova | Bloomstick (Field-Tested),27.6,buff,64.79,6.5,-0.46,,True,True,True,True
2026-09-14,Tec-9 | 黄铜 (久经沙场),Tec-9 | Brass (Field-Tested),56.3,buff,24.35,-4.54,-1.78,,True,False,True,True
2026-09-14,M4A4 | 渐变斑纹 (久经沙场),M4A4 | Faded Zebra (Field-Tested),53.6,buff,46.41,-5.95,-10.11,,True,False,True,True
2026-09-14,2018年波士顿锦标赛竞争组（闪亮/全息）（含 Flash Gaming）,Boston 2018 Minor Challengers with Flash Gaming (Holo-Foil),38.8,buff,188.0,0.11,-3.99,,True,False,True,True
2026-09-14,SSG 08 | 热带风暴 (崭新出厂),SSG 08 | Tropical Storm (Factory New),36.1,buff,461.0,2.82,3.69,,False,True,True,True
2026-09-14,截短霰弹枪 | 至高皮革 (略有磨损),Sawed-Off | First Class (Minimal Wear),36.1,buff,201.0,56.22,42.29,,False,True,True,True
2026-09-14,弯刀（★ StatTrak™） | 狩猎网格 (久经沙场),★ StatTrak™ Falchion Knife | Safari Mesh (Field-Tested),36.1,buff,417.0,-3.6,-4.02,,False,True,True,True
2026-09-14,穿肠刀（★ StatTrak™） | 传说 (久经沙场),★ StatTrak™ Gut Knife | Lore (Field-Tested),36.1,buff,631.99,-5.98,-0.87,,False,True,True,True
2026-09-14,P90 | 星辰巨蟒 (略有磨损),P90 | Astral Jörmungandr (Minimal Wear),36.1,buff,2111.0,-7.83,-5.66,,False,True,True,True
2026-09-14,SCAR-20 | 棕榈色 (崭新出厂),SCAR-20 | Palm (Factory New),36.0,buff,398.0,0.0,0.0,,False,True,True,True
2026-09-14,SSG 08 | 玛雅之梦 (崭新出厂),SSG 08 | Mayan Dreams (Factory New),36.0,buff,444.0,-5.86,-5.01,,False,False,True,True
2026-09-14,PP-野牛 | 外表生锈 (崭新出厂),PP-Bizon | Rust Coat (Factory New),36.0,buff,236.0,-11.44,-11.44,,False,False,True,True
2026-09-14,骷髅匕首（★ StatTrak™） | 渐变大理石 (略有磨损),★ StatTrak™ Skeleton Knife | Marble Fade (Minimal Wear),36.0,buff,3693.0,10.06,3.97,,False,False,True,True
2026-09-14,求生匕首（★） | 渐变大理石 (略有磨损),★ Survival Knife | Marble Fade (Minimal Wear),36.0,buff,1025.99,0.95,-5.13,,False,True,True,True
2026-09-14,穿肠刀（★） | 渐变大理石 (略有磨损),★ Gut Knife | Marble Fade (Minimal Wear),36.0,buff,1009.0,0.0,16.53,,False,True,True,True
2026-09-14,弯刀（★ StatTrak™） | 屠夫 (崭新出厂),★ StatTrak™ Falchion Knife | Slaughter (Factory New),36.0,buff,1919.0,-12.65,-11.15,,False,True,True,True
2026-09-14,穿肠刀（★ StatTrak™） | 噩梦之夜 (久经沙场),★ StatTrak™ Gut Knife | Night (Field-Tested),36.0,buff,418.5,0.0,-6.93,,False,True,True,True
2026-09-14,FN57 | 日式荧光涂装 (略有磨损),Five-SeveN | Neon Kimono (Minimal Wear),36.0,buff,3340.0,4.07,15.18,,False,True,True,True
2026-09-14,鲍伊猎刀（★） | 渐变之色 (略有磨损),★ Bowie Knife | Fade (Minimal Wear),36.0,buff,1557.0,-0.19,3.31,,False,True,True,True
2026-09-14,锯齿爪刀（★ StatTrak™） | 渐变大理石 (略有磨损),★ StatTrak™ Talon Knife | Marble Fade (Minimal Wear),36.0,buff,4408.0,0.0,22.48,,False,True,True,True
2026-09-14,SG 553 | 蛊惑之色 (崭新出厂),SG 553 | Hypnotic (Factory New),35.9,buff,339.86,5.86,-1.5,,True,True,True,True
2026-09-14,穿肠刀（★ StatTrak™） | 自由之手 (久经沙场),★ StatTrak™ Gut Knife | Freehand (Field-Tested),33.3,buff,429.99,-2.56,-0.23,,False,True,True,True
2026-09-14,弯刀（★ StatTrak™） | 森林 DDPAT (久经沙场),★ StatTrak™ Falchion Knife | Forest DDPAT (Field-Tested),32.5,buff,432.5,2.66,16.47,,False,True,True,True
2026-09-14,猎杀者匕首（★ StatTrak™） | 深红之网 (久经沙场),★ StatTrak™ Huntsman Knife | Crimson Web (Field-Tested),31.6,buff,1017.0,-4.56,-13.1,,False,True,True,True
2026-09-14,双持贝瑞塔 | 翡翠色调 (略有磨损),Dual Berettas | Emerald (Minimal Wear),31.5,buff,363.0,0.55,7.44,,False,True,True,True
2026-09-14,P250 | 孟加拉猛虎 (略有磨损),P250 | Bengal Tiger (Minimal Wear),30.8,buff,102.0,2.75,4.9,,True,True,True,True
2026-09-14,SSG 08 | 海滨印花 (略有磨损),SSG 08 | Sea Calico (Minimal Wear),30.0,buff,2027.0,35.87,31.08,,False,True,True,True
2026-09-14,格洛克18型 | 黄铜 (久经沙场),Glock-18 | Brass (Field-Tested),29.2,buff,168.0,-5.18,-10.7,,True,False,True,True
2026-09-14,P250 | 暮色森林 (崭新出厂),P250 | Forest Night (Factory New),29.1,buff,103.0,-18.58,-20.77,,True,True,True,True
2026-09-14,双持贝瑞塔 | 灾难 (久经沙场),Dual Berettas | Dezastre (Field-Tested),28.4,buff,25.63,7.86,6.87,,True,False,True,True
2026-09-14,血猎手套（★） | 染铜 (略有磨损),★ Bloodhound Gloves | Bronzed (Minimal Wear),28.1,buff,1486.42,-0.16,-3.12,,True,True,True,True
2026-09-16,M249 | 暴雪大理石纹 (久经沙场),M249 | Blizzard Marbleized (Field-Tested),48.0,buff,109.0,-3.35,7.34,,False,True,True,False
2026-09-16,MAG-7 | 棱彩阶梯 (久经沙场),MAG-7 | Prism Terrace (Field-Tested),48.0,buff,174.0,3.91,6.9,,False,True,True,False
2026-09-16,UMP-45 | 辐射警告 (久经沙场),UMP-45 | Fallout Warning (Field-Tested),48.0,buff,53.44,-6.76,1.24,,True,False,True,False
2026-09-16,SCAR-20 | 棕榈色 (久经沙场),SCAR-20 | Palm (Field-Tested),48.0,buff,62.17,-3.04,-1.61,,False,True,True,False
2026-09-16,鲍伊猎刀（★ StatTrak™） | 都市伪装 (久经沙场),★ StatTrak™ Bowie Knife | Urban Masked (Field-Tested),48.0,buff,442.99,-2.89,-5.93,,False,True,True,False
2026-09-16,求生匕首（★ StatTrak™） | 表面淬火 (久经沙场),★ StatTrak™ Survival Knife | Case Hardened (Field-Tested),48.0,buff,792.0,-4.07,-1.26,,False,True,True,False
2026-09-16,双持贝瑞塔 | 报应 (久经沙场),Dual Berettas | Retribution (Field-Tested),48.0,buff,22.5,74.15,79.5,,False,True,True,False
2026-09-16,新星 | 森林之叶 (略有磨损),Nova | Forest Leaves (Minimal Wear),48.0,buff,60.79,-3.54,-4.96,,False,True,True,False
2026-09-16,折叠刀（★ StatTrak™） | 传说 (崭新出厂),★ StatTrak™ Flip Knife | Lore (Factory New),48.0,buff,2661.0,-17.87,-19.35,,False,True,True,False
2026-09-16,P250 | 狂野飞溅 (久经沙场),P250 | Splash (Field-Tested),48.0,buff,133.0,7.46,8.49,,False,True,True,False
2026-09-16,折刀（★ StatTrak™） | 狩猎网格 (略有磨损),★ StatTrak™ Navaja Knife | Safari Mesh (Minimal Wear),48.0,buff,402.0,2.55,5.47,,False,True,True,False
2026-09-16,XM1014 | 红色皮革 (久经沙场),XM1014 | Red Leather (Field-Tested),48.0,buff,280.0,-2.22,-4.64,,False,True,True,False
2026-09-16,折刀（★ StatTrak™） | 表面淬火 (久经沙场),★ StatTrak™ Navaja Knife | Case Hardened (Field-Tested),48.0,buff,731.0,4.79,5.2,,False,True,True,False
2026-09-16,MAC-10 | 都市 DDPAT (崭新出厂),MAC-10 | Urban DDPAT (Factory New),48.0,buff,221.0,0.9,-15.75,,False,False,True,False
2026-09-16,折刀（★ StatTrak™） | 森林 DDPAT (久经沙场),★ StatTrak™ Navaja Knife | Forest DDPAT (Field-Tested),48.0,buff,301.0,1.33,1.66,,False,True,True,False
2026-09-16,SSG 08 | 橙黄镂刻 (崭新出厂),SSG 08 | Orange Filigree (Factory New),48.0,buff,184.0,6.52,5.43,,False,True,True,False
2026-09-16,加利尔AR | 冬之森林 (久经沙场),Galil AR | Winter Forest (Field-Tested),48.0,buff,102.0,26.5,20.52,,False,True,True,False
2026-09-16,法玛斯 | 死亡之舞 (久经沙场),FAMAS | Macabre (Field-Tested),48.0,buff,22.97,9.1,2.57,,True,False,True,False
2026-09-16,穿肠刀（★ StatTrak™） | 枯焦之色 (久经沙场),★ StatTrak™ Gut Knife | Scorched (Field-Tested),48.0,buff,447.0,-6.49,-5.15,,False,True,True,False
2026-09-16,鲍伊猎刀（★ StatTrak™） | 森林 DDPAT (久经沙场),★ StatTrak™ Bowie Knife | Forest DDPAT (Field-Tested),48.0,buff,446.0,-0.45,-0.45,,False,True,True,False
2026-09-16,2015年 ESL One 卡托维兹锦标赛挑战组（全息/闪亮）,ESL One Katowice 2015 Challengers (Holo-Foil),48.0,buff,2661.0,-5.44,-6.16,,False,True,True,False
2026-09-16,新星 | 石墨黑 (略有磨损),Nova | Graphite (Minimal Wear),48.0,buff,60.2,-4.97,-4.97,,False,True,True,False
2026-09-16,驾驶手套（★） | 墨绿色调 (崭新出厂),★ Driver Gloves | Racing Green (Factory New),48.0,buff,1156.0,5.97,-4.37,,False,True,True,False
2026-09-16,截短霰弹枪 | 橙黄 DDPAT (略有磨损),Sawed-Off | Orange DDPAT (Minimal Wear),48.0,buff,115.0,19.57,17.39,,False,True,True,False
2026-09-16,PP-野牛 | 碳素纤维 (略有磨损),PP-Bizon | Carbon Fiber (Minimal Wear),48.0,buff,29.19,6.51,-5.38,,True,False,True,False
2026-09-16,猎杀者匕首（★ StatTrak™） | 黑色层压板 (崭新出厂),★ StatTrak™ Huntsman Knife | Black Laminate (Factory New),48.0,buff,1165.0,0.0,16.48,,False,False,True,False
2026-09-16,XM1014 | 辐射警告 (崭新出厂),XM1014 | Fallout Warning (Factory New),48.0,buff,496.0,-0.2,4.15,,False,False,True,False
2026-09-16,求生匕首（★ StatTrak™） | 屠夫 (久经沙场),★ StatTrak™ Survival Knife | Slaughter (Field-Tested),48.0,buff,807.0,10.53,20.97,,False,True,True,False
2026-09-16,SG 553 | 辐射警告 (久经沙场),SG 553 | Fallout Warning (Field-Tested),48.0,buff,23.38,-4.21,-17.37,,True,False,True,False
2026-09-16,弯刀（★ StatTrak™） | 致命紫罗兰 (久经沙场),★ StatTrak™ Falchion Knife | Ultraviolet (Field-Tested),48.0,buff,556.83,-2.53,0.79,,False,True,True,False
2026-09-17,FN57 | 狂野丛林 (崭新出厂),Five-SeveN | Jungle (Factory New),63.4,eco,326.0,2.3,0.86,,True,True,True,False
2026-09-17,熊刀（★ StatTrak™） | 大马士革钢 (久经沙场),★ StatTrak™ Ursus Knife | Damascus Steel (Field-Tested),62.3,eco,526.75,4.26,2.84,,True,True,True,False
2026-09-17,穿肠刀（★） | 渐变大理石 (略有磨损),★ Gut Knife | Marble Fade (Minimal Wear),61.7,eco,1009.0,0.0,16.72,,True,True,True,False
2026-09-17,MP9 | 气密 (久经沙场),MP9 | Airlock (Field-Tested),61.3,eco,82.07,-4.67,-2.68,,False,True,True,False
2026-09-17,内格夫 | 加州迷彩 (久经沙场),Negev | CaliCamo (Field-Tested),61.2,eco,85.07,18.71,13.89,,True,True,True,False
2026-09-17,UMP-45 | 野蛮剑齿虎 (略有磨损),UMP-45 | Primal Saber (Minimal Wear),60.9,eco,85.04,-0.38,-0.29,,False,True,True,False
2026-09-17,P2000 | 至尊威龙 (久经沙场),P2000 | Imperial Dragon (Field-Tested),60.9,eco,82.49,-1.62,-4.61,,False,True,True,False
2026-09-17,格洛克18型 | 巅峰状态 (略有磨损),Glock-18 | Fully Tuned (Minimal Wear),60.8,eco,615.56,2.4,3.19,,False,True,True,False
2026-09-17,新星 | 玩具士兵 (崭新出厂),Nova | Toy Soldier (Factory New),60.4,eco,77.85,1.4,9.4,,False,True,True,False
2026-09-17,格洛克18型 | 铁之作 (略有磨损),Glock-18 | Ironwork (Minimal Wear),60.2,eco,31.17,-8.78,-17.15,,False,True,True,False
2026-09-17,MP7 | 七彩斑斓 (略有磨损),MP7 | Neon Ply (Minimal Wear),60.0,eco,27.07,4.78,8.06,,True,True,True,False
2026-09-17,SSG 08 | 血染风采 (久经沙场),SSG 08 | Red Stone (Field-Tested),59.8,eco,34.4,4.28,0.06,,False,True,True,False
2026-09-17,截短霰弹枪 | 荒野公主 (久经沙场),Sawed-Off | Wasteland Princess (Field-Tested),59.5,eco,205.0,-3.61,-4.7,,False,True,True,False
2026-09-17,PP-野牛 | 买定离手 (久经沙场),PP-Bizon | High Roller (Field-Tested),59.4,eco,71.01,-2.13,0.39,,False,True,True,False
2026-09-17,AUG | 席德.米德 (久经沙场),AUG | Syd Mead (Field-Tested),59.3,eco,82.21,-4.34,-2.3,,False,True,True,False
2026-09-17,弯刀（★ StatTrak™） | 传说 (崭新出厂),★ StatTrak™ Falchion Knife | Lore (Factory New),59.3,eco,1213.5,5.56,3.13,,True,True,True,False
2026-09-17,P250 | 金缮 (崭新出厂),P250 | Kintsugi (Factory New),59.2,eco,124.0,-2.34,-2.04,,False,True,True,False
2026-09-17,沙漠之鹰 | 东方之谜 (略有磨损),Desert Eagle | Eastern Enigma (Minimal Wear),59.2,eco,202.0,4.07,3.12,,False,True,True,False
2026-09-17,P250 | 金缮 (久经沙场),P250 | Kintsugi (Field-Tested),59.0,eco,32.77,-0.6,-0.01,,False,True,True,False
2026-09-17,P90 | 美杜莎之视 (久经沙场),P90 | Deathgaze (Field-Tested),59.0,eco,32.96,-1.47,-0.45,,False,True,True,False
2026-09-17,Tec-9 | 剪纸 (略有磨损),Tec-9 | Cut Out (Minimal Wear),59.0,eco,47.78,-0.73,-4.5,,True,True,True,False
2026-09-17,SSG 08 | 巨铁 (久经沙场),SSG 08 | Big Iron (Field-Tested),58.9,eco,57.51,-1.28,0.7,,False,True,True,False
2026-09-17,P2000 | 至尊威龙 (略有磨损),P2000 | Imperial Dragon (Minimal Wear),58.8,eco,83.05,-1.43,-0.95,,False,True,True,False
2026-09-17,AWP | 后翼弃兵 (略有磨损),AWP | Queen's Gambit (Minimal Wear),58.8,eco,617.99,0.84,1.8,,False,True,True,False
2026-09-17,MP9 | 气密 (略有磨损),MP9 | Airlock (Minimal Wear),58.7,eco,83.95,-1.59,-0.2,,False,True,True,False
2026-09-17,AWP | 无上之焰 (崭新出厂),AWP | Sovereign Flame (Factory New),58.7,eco,3018.0,-0.4,-0.43,,True,True,True,False
2026-09-17,格洛克18型 | 幽灵协议 (崭新出厂),Glock-18 | Ghost Protocol (Factory New),58.7,eco,3555.55,-0.58,-1.44,,True,True,True,False
2026-09-17,MP9 | 爆裂食物链 (略有磨损),MP9 | Food Chain (Minimal Wear),58.7,eco,40.0,2.11,-1.87,,False,True,True,False
2026-09-17,P90 | 浅坟 (久经沙场),P90 | Shallow Grave (Field-Tested),58.6,eco,205.0,-6.59,-4.85,,False,True,True,False
2026-09-17,MP9 | 落日 (久经沙场),MP9 | Setting Sun (Field-Tested),58.6,eco,85.5,1.96,-4.34,,True,True,True,False
2026-09-18,P250 | 金缮 (久经沙场),P250 | Kintsugi (Field-Tested),71.7,buff,33.2,-1.57,0.84,,False,True,False,False
2026-09-18,加利尔AR | 黑砂 (略有磨损),Galil AR | Black Sand (Minimal Wear),70.6,buff,32.5,-11.73,-22.68,,False,True,False,False
2026-09-18,FN57 | 狩猎利器 (久经沙场),Five-SeveN | Fowl Play (Field-Tested),70.3,buff,132.5,-2.93,2.14,,False,True,False,False
2026-09-18,沙漠之鹰 | 东方之谜 (久经沙场),Desert Eagle | Eastern Enigma (Field-Tested),69.1,buff,98.99,-1.85,4.29,,False,True,False,False
2026-09-18,P90 | 美杜莎之视 (久经沙场),P90 | Deathgaze (Field-Tested),68.8,buff,33.4,-0.66,0.31,,False,True,False,False
2026-09-18,P2000 | 草皮 (略有磨损),P2000 | Turf (Minimal Wear),68.8,eco,31.3,-7.1,-24.25,,False,True,False,False
2026-09-18,格洛克18型 | 巅峰状态 (久经沙场),Glock-18 | Fully Tuned (Field-Tested),68.3,eco,324.0,-1.21,-2.46,,False,True,False,False
2026-09-18,UMP-45 | K.O.工厂 (略有磨损),UMP-45 | K.O. Factory (Minimal Wear),67.8,buff,38.5,0.56,-4.37,,False,True,False,False
2026-09-18,AUG | 变色龙 (崭新出厂),AUG | Chameleon (Factory New),66.8,buff,558.0,-1.86,2.33,,False,True,False,False
2026-09-18,MAG-7 | 正义 (久经沙场),MAG-7 | Justice (Field-Tested),66.2,buff,36.64,0.54,2.62,,False,True,False,False
2026-09-18,UMP-45 | 野孩子 (久经沙场),UMP-45 | Wild Child (Field-Tested),66.0,eco,22.48,-2.65,-1.04,,False,True,False,False
2026-09-18,P250 | 震中 (久经沙场),P250 | Epicenter (Field-Tested),65.4,eco,26.08,6.05,8.8,,False,True,False,False
2026-09-18,USP消音版 | 眩流 (略有磨损),USP-S | Spiral Glitch (Minimal Wear),64.8,buff,275.0,9.08,1.44,,False,True,False,False
2026-09-18,SG 553 | 沙漠之花 (崭新出厂),SG 553 | Desert Blossom (Factory New),64.8,eco,25.2,-3.09,-0.17,,True,True,False,False
2026-09-18,2019年卡托维兹锦标赛竞争组（全息/闪亮）,Katowice 2019 Minor Challengers (Holo-Foil),63.9,buff,45.0,6.82,-2.22,,False,True,False,False
2026-09-18,MP9 | 八音盒 (略有磨损),MP9 | Music Box (Minimal Wear),63.3,buff,20.71,2.42,5.43,,False,True,False,False
2026-09-18,系绳匕首（★） | 枯焦之色 (久经沙场),★ Paracord Knife | Scorched (Field-Tested),61.9,eco,275.0,-1.27,-1.55,,True,True,False,False
2026-09-18,SG 553 | 次时代 (久经沙场),SG 553 | Cyrex (Field-Tested),61.9,eco,26.8,4.35,8.0,,True,True,False,False
2026-09-18,格洛克18型 | 火灵纹阵 (略有磨损),Glock-18 | Ifrit Lattice (Minimal Wear),61.9,eco,35.56,1.41,3.98,,False,True,False,False
2026-09-18,MAC-10 | 霓虹骑士 (久经沙场),MAC-10 | Neon Rider (Field-Tested),61.7,buff,785.4,-0.13,-0.65,,True,True,False,False
2026-09-18,M4A4 | 吞天巨蛇 (久经沙场),M4A4 | Falak (Field-Tested),61.7,buff,156.52,-5.13,-5.31,,False,True,False,False
2026-09-18,SSG 08 | 水中之血 (略有磨损),SSG 08 | Blood in the Water (Minimal Wear),61.7,buff,598.95,-1.51,-3.71,,False,True,False,False
2026-09-18,XM1014 | 埋葬之影 (久经沙场),XM1014 | Entombed (Field-Tested),61.7,eco,22.42,-1.96,0.25,,False,True,False,True
2026-09-18,新星 | 枪工智能 (略有磨损),Nova | Smart Gun (Minimal Wear),61.7,buff,30.28,0.7,6.43,,False,True,False,False
2026-09-18,截短霰弹枪 | 么么 (久经沙场),Sawed-Off | Kiss♥Love (Field-Tested),61.6,eco,23.5,-0.16,-1.63,,False,True,False,True
2026-09-18,CZ75自动型 | 相柳 (崭新出厂),CZ75-Auto | Xiangliu (Factory New),61.6,eco,103.0,-0.26,-0.57,,True,True,False,False
2026-09-18,AUG | 极地孤狼 (略有磨损),AUG | Arctic Wolf (Minimal Wear),61.6,buff,20.99,1.56,1.49,,False,True,False,False
2026-09-18,P90 | 往日行动 (久经沙场),P90 | Nostalgia (Field-Tested),61.5,eco,23.38,-0.95,1.45,,True,True,False,False
2026-09-18,MAG-7 | SWAG-7 (崭新出厂),MAG-7 | SWAG-7 (Factory New),61.5,buff,22.01,-5.32,-6.17,,False,True,False,False
2026-09-18,AUG | 湖怪鸟 (久经沙场),AUG | Stymphalian (Field-Tested),61.4,eco,21.81,-2.1,-2.39,,True,True,False,False
2026-09-19,P250 | 金缮 (久经沙场),P250 | Kintsugi (Field-Tested),69.5,buff,32.19,3.15,4.83,,False,True,False,False
2026-09-19,MAG-7 | 正义 (久经沙场),MAG-7 | Justice (Field-Tested),69.2,buff,36.8,1.17,1.94,,False,True,False,False
2026-09-19,P90 | 美杜莎之视 (久经沙场),P90 | Deathgaze (Field-Tested),68.9,buff,32.6,2.45,1.66,,False,True,False,False
2026-09-19,FN57 | 狩猎利器 (久经沙场),Five-SeveN | Fowl Play (Field-Tested),68.8,buff,130.0,0.18,2.92,,False,True,False,False
2026-09-19,UMP-45 | K.O.工厂 (久经沙场),UMP-45 | K.O. Factory (Field-Tested),67.8,buff,30.0,1.65,0.64,,False,True,False,False
2026-09-19,法玛斯 | 幻灭之旅 (略有磨损),FAMAS | Bad Trip (Minimal Wear),67.5,buff,304.0,-2.5,-2.3,,False,True,False,False
2026-09-19,加利尔AR | 黑砂 (略有磨损),Galil AR | Black Sand (Minimal Wear),67.0,buff,30.15,-5.33,-23.5,,False,True,False,False
2026-09-19,SCAR-20 | 血腥运动 (久经沙场),SCAR-20 | Bloodsport (Field-Tested),66.3,buff,81.88,-2.79,-4.47,,False,True,False,False
2026-09-19,AUG | 湖怪鸟 (久经沙场),AUG | Stymphalian (Field-Tested),65.5,buff,22.39,-1.17,-0.89,,False,True,False,False
2026-09-19,G3SG1 | 梦之林地 (崭新出厂),G3SG1 | Dream Glade (Factory New),64.7,buff,20.1,0.55,1.94,,False,True,False,False
2026-09-19,UMP-45 | 野孩子 (久经沙场),UMP-45 | Wild Child (Field-Tested),64.5,eco,21.67,-0.59,0.91,,False,True,False,False
2026-09-19,沙漠之鹰 | 东方之谜 (久经沙场),Desert Eagle | Eastern Enigma (Field-Tested),64.1,buff,98.0,9.95,4.57,,False,True,False,False
2026-09-19,AUG | 燕群 (久经沙场),AUG | Fleet Flock (Field-Tested),64.0,eco,81.45,2.07,2.56,,False,True,False,False
2026-09-19,MP9 | 气密 (久经沙场),MP9 | Airlock (Field-Tested),63.5,buff,80.79,-1.68,-0.98,,False,True,False,False
2026-09-19,UMP-45 | 野蛮剑齿虎 (久经沙场),UMP-45 | Primal Saber (Field-Tested),63.5,eco,80.59,1.88,0.59,,False,True,False,False
2026-09-19,P2000 | 草皮 (略有磨损),P2000 | Turf (Minimal Wear),63.3,buff,29.35,-2.63,-15.15,,False,True,False,False
2026-09-19,AUG | 席德.米德 (久经沙场),AUG | Syd Mead (Field-Tested),63.0,eco,81.26,-0.96,-0.22,,False,True,False,False
2026-09-19,格洛克18型 | 巅峰状态 (略有磨损),Glock-18 | Fully Tuned (Minimal Wear),62.8,buff,622.0,0.83,0.77,,False,True,False,False
2026-09-19,SG 553 | 沙漠之花 (崭新出厂),SG 553 | Desert Blossom (Factory New),62.2,buff,24.75,-1.86,0.62,,False,True,False,False
2026-09-19,USP消音版 | 眩流 (略有磨损),USP-S | Spiral Glitch (Minimal Wear),62.1,buff,275.0,11.27,0.5,,False,True,False,False
2026-09-19,AUG | 极地孤狼 (略有磨损),AUG | Arctic Wolf (Minimal Wear),62.1,buff,21.32,-0.93,-0.98,,False,True,False,False
2026-09-19,P250 | 震中 (久经沙场),P250 | Epicenter (Field-Tested),61.8,buff,26.99,3.87,5.12,,False,True,False,False
2026-09-19,法玛斯 | 爱神 (略有磨损),FAMAS | Djinn (Minimal Wear),60.6,eco,88.47,-2.34,-2.81,,False,True,False,False
2026-09-19,AUG | 变色龙 (崭新出厂),AUG | Chameleon (Factory New),60.4,buff,574.0,-4.35,-3.56,,False,True,False,False
2026-09-19,G3SG1 | 毒刺 (略有磨损),G3SG1 | Stinger (Minimal Wear),60.4,buff,41.11,6.35,18.21,,False,True,False,False
2026-09-19,新星 | 枪工智能 (略有磨损),Nova | Smart Gun (Minimal Wear),60.1,buff,29.16,5.84,8.27,,False,True,False,False
2026-09-19,XM1014 | 埋葬之影 (久经沙场),XM1014 | Entombed (Field-Tested),59.8,eco,21.8,0.69,3.13,,False,True,False,False
2026-09-19,P250 | 死亡轮回 (久经沙场),P250 | Muertos (Field-Tested),59.8,buff,78.05,0.29,1.78,,False,True,False,False
2026-09-19,P90 | 往日行动 (久经沙场),P90 | Nostalgia (Field-Tested),59.7,eco,23.38,-0.28,-4.04,,False,True,False,False
2026-09-19,法玛斯 | 电子脉冲 (久经沙场),FAMAS | Pulse (Field-Tested),59.4,buff,55.7,-3.98,-6.56,,True,True,False,False
2026-09-20,AUG | 燕群 (久经沙场),AUG | Fleet Flock (Field-Tested),69.9,buff,80.57,3.64,0.45,,False,True,True,False
2026-09-20,加利尔AR | 黑砂 (略有磨损),Galil AR | Black Sand (Minimal Wear),69.0,buff,31.24,-10.41,-26.42,,False,True,True,False
2026-09-20,法玛斯 | 防滚架 (久经沙场),FAMAS | Roll Cage (Field-Tested),68.5,eco,738.88,2.14,0.78,,False,True,True,False
2026-09-20,MAG-7 | 正义 (久经沙场),MAG-7 | Justice (Field-Tested),68.3,buff,36.16,3.37,3.65,,False,True,True,False
2026-09-20,P90 | 美杜莎之视 (久经沙场),P90 | Deathgaze (Field-Tested),68.2,buff,32.97,0.41,-0.02,,False,True,True,False
2026-09-20,UMP-45 | K.O.工厂 (久经沙场),UMP-45 | K.O. Factory (Field-Tested),67.6,buff,30.38,-1.46,-0.77,,False,True,True,False
2026-09-20,P250 | 金缮 (久经沙场),P250 | Kintsugi (Field-Tested),67.3,buff,32.98,1.41,0.44,,False,True,True,False
2026-09-20,P250 | 生化短吻鳄 (久经沙场),P250 | See Ya Later (Field-Tested),66.6,buff,674.99,-0.59,-1.25,,False,True,True,False
2026-09-20,法玛斯 | 幻灭之旅 (略有磨损),FAMAS | Bad Trip (Minimal Wear),64.8,buff,305.03,2.45,0.56,,False,True,True,False
2026-09-20,FN57 | 狩猎利器 (久经沙场),Five-SeveN | Fowl Play (Field-Tested),64.7,buff,126.41,4.91,4.42,,False,True,True,False
2026-09-20,MP9 | 气密 (久经沙场),MP9 | Airlock (Field-Tested),64.6,buff,80.65,-1.17,-1.37,,False,True,True,False
2026-09-20,G3SG1 | 梦之林地 (崭新出厂),G3SG1 | Dream Glade (Factory New),64.6,buff,20.1,-1.34,-1.33,,False,True,True,False
2026-09-20,MAC-10 | 霓虹骑士 (久经沙场),MAC-10 | Neon Rider (Field-Tested),63.8,buff,769.0,3.38,4.08,,False,True,True,False
2026-09-20,AUG | 湖怪鸟 (久经沙场),AUG | Stymphalian (Field-Tested),63.4,buff,22.15,-2.52,-2.59,,False,True,True,False
2026-09-20,AUG | 席德.米德 (久经沙场),AUG | Syd Mead (Field-Tested),63.1,eco,79.95,0.17,-0.41,,False,True,True,False
2026-09-20,UMP-45 | 野蛮剑齿虎 (久经沙场),UMP-45 | Primal Saber (Field-Tested),63.0,eco,80.04,3.96,-0.41,,False,True,True,False
2026-09-20,AUG | 变色龙 (崭新出厂),AUG | Chameleon (Factory New),62.5,buff,557.0,0.12,1.82,,False,True,True,False
2026-09-20,格洛克18型 | 巅峰状态 (略有磨损),Glock-18 | Fully Tuned (Minimal Wear),62.4,buff,619.98,0.83,1.39,,False,True,True,False
2026-09-20,沙漠之鹰 | 东方之谜 (崭新出厂),Desert Eagle | Eastern Enigma (Factory New),62.1,eco,415.0,-0.52,-6.36,,False,True,True,False
2026-09-20,UMP-45 | 野孩子 (久经沙场),UMP-45 | Wild Child (Field-Tested),62.0,eco,21.62,-0.11,1.53,,False,True,True,False
2026-09-20,USP消音版 | 眩流 (略有磨损),USP-S | Spiral Glitch (Minimal Wear),61.7,buff,280.0,8.89,-1.18,,False,True,True,False
2026-09-20,P90 | 往日行动 (久经沙场),P90 | Nostalgia (Field-Tested),61.7,buff,23.55,-2.47,-3.73,,False,True,True,False
2026-09-20,M249 | 雪茄盒 (略有磨损),M249 | Humidor (Minimal Wear),61.3,buff,21.06,-3.07,-4.04,,False,True,True,False
2026-09-20,CZ75自动型 | 液压 (略有磨损),CZ75-Auto | Hydraulics (Minimal Wear),60.5,eco,29.21,8.78,12.98,,False,True,True,False
2026-09-20,SG 553 | 沙漠之花 (崭新出厂),SG 553 | Desert Blossom (Factory New),60.5,buff,24.98,-2.62,-1.54,,False,True,True,False
2026-09-20,沙漠之鹰 | 噩梦之夜 (久经沙场),Desert Eagle | Night (Field-Tested),60.5,buff,68.14,-5.29,3.04,,False,True,True,False
2026-09-20,P250 | 死亡轮回 (久经沙场),P250 | Muertos (Field-Tested),60.4,buff,77.23,2.39,1.78,,False,True,True,False
2026-09-20,AUG | 汪之萌杀 (久经沙场),AUG | Death by Puppy (Field-Tested),60.2,buff,23.52,-0.37,-1.04,,False,True,True,False
2026-09-20,格洛克18型 | 荒野反叛 (久经沙场),Glock-18 | Wasteland Rebel (Field-Tested),59.9,buff,739.5,2.73,2.23,,False,True,True,False
2026-09-20,P250 | 震中 (久经沙场),P250 | Epicenter (Field-Tested),59.5,buff,26.8,3.66,3.04,,False,True,True,False
2026-09-21,MAG-7 | 正义 (久经沙场),MAG-7 | Justice (Field-Tested),71.8,buff,35.56,5.44,9.22,,False,True,True,False
2026-09-21,MP9 | 气密 (久经沙场),MP9 | Airlock (Field-Tested),70.6,buff,79.68,1.47,0.76,,False,True,True,False
2026-09-21,AUG | 燕群 (久经沙场),AUG | Fleet Flock (Field-Tested),70.2,buff,80.54,4.0,0.77,,False,True,True,False
2026-09-21,PP-野牛 | 买定离手 (久经沙场),PP-Bizon | High Roller (Field-Tested),69.6,eco,69.53,-0.4,3.21,,False,True,True,False
2026-09-21,加利尔AR | 黑砂 (略有磨损),Galil AR | Black Sand (Minimal Wear),69.2,buff,30.2,-9.09,-24.78,,False,True,True,False
2026-09-21,UMP-45 | K.O.工厂 (久经沙场),UMP-45 | K.O. Factory (Field-Tested),69.0,buff,29.64,1.47,1.89,,False,True,True,False
2026-09-21,P90 | 美杜莎之视 (久经沙场),P90 | Deathgaze (Field-Tested),67.8,buff,32.8,1.27,0.49,,False,True,True,False
2026-09-21,法玛斯 | 爱神 (略有磨损),FAMAS | Djinn (Minimal Wear),66.1,buff,86.7,0.0,-1.97,,False,True,True,False
2026-09-21,MP5-SD | 磷光体 (久经沙场),MP5-SD | Phosphor (Field-Tested),65.2,buff,29.18,-7.01,-5.0,,False,True,True,False
2026-09-21,P250 | 金缮 (久经沙场),P250 | Kintsugi (Field-Tested),65.1,buff,33.09,0.25,0.63,,False,True,True,False
2026-09-21,FN57 | 狩猎利器 (久经沙场),Five-SeveN | Fowl Play (Field-Tested),65.0,buff,130.0,2.38,-0.94,,False,True,True,False
2026-09-21,M249 | 雪茄盒 (略有磨损),M249 | Humidor (Minimal Wear),64.9,buff,20.71,0.47,-4.53,,False,True,True,False
2026-09-21,AUG | 席德.米德 (久经沙场),AUG | Syd Mead (Field-Tested),64.3,eco,79.15,1.57,-0.76,,False,True,True,False
2026-09-21,格洛克18型 | 巅峰状态 (略有磨损),Glock-18 | Fully Tuned (Minimal Wear),64.2,buff,622.8,0.18,0.77,,False,True,True,False
2026-09-21,沙漠之鹰 | 东方之谜 (久经沙场),Desert Eagle | Eastern Enigma (Field-Tested),64.2,buff,97.45,3.69,5.78,,False,True,True,False
2026-09-21,SCAR-20 | 血腥运动 (久经沙场),SCAR-20 | Bloodsport (Field-Tested),63.0,eco,79.94,-1.42,-2.19,,True,True,True,False
2026-09-21,法玛斯 | 幻灭之旅 (略有磨损),FAMAS | Bad Trip (Minimal Wear),62.7,buff,305.0,3.61,1.64,,False,True,True,False
2026-09-21,P250 | 死亡轮回 (久经沙场),P250 | Muertos (Field-Tested),62.4,buff,75.55,5.27,2.13,,False,True,True,False
2026-09-21,P90 | 往日行动 (久经沙场),P90 | Nostalgia (Field-Tested),62.3,buff,23.45,-2.91,-2.35,,False,True,True,False
2026-09-21,MP7 | 幽幻深渊 (崭新出厂),MP7 | Abyssal Apparition (Factory New),62.1,buff,101.73,3.58,-8.59,,False,True,True,False
2026-09-21,MAC-10 | 霓虹骑士 (久经沙场),MAC-10 | Neon Rider (Field-Tested),61.7,buff,770.0,3.53,4.16,,False,True,True,False
2026-09-21,AUG | 湖怪鸟 (久经沙场),AUG | Stymphalian (Field-Tested),61.4,buff,23.11,-7.07,-4.43,,False,True,True,False
2026-09-21,法玛斯 | 雅典娜之眼 (久经沙场),FAMAS | Eye of Athena (Field-Tested),61.1,buff,29.74,3.17,2.96,,False,True,True,False
2026-09-21,R8左轮手枪 | 头骨粉碎者 (久经沙场),R8 Revolver | Skull Crusher (Field-Tested),61.0,buff,40.2,2.91,-1.57,,False,True,True,False
2026-09-21,SG 553 | 沙漠之花 (略有磨损),SG 553 | Desert Blossom (Minimal Wear),60.8,buff,20.99,1.35,-13.07,,False,True,True,False
2026-09-21,AUG | 变色龙 (崭新出厂),AUG | Chameleon (Factory New),60.6,buff,554.99,1.18,0.66,,False,True,True,False
2026-09-21,截短霰弹枪 | 吞噬 (久经沙场),Sawed-Off | Devourer (Field-Tested),60.6,eco,30.94,-2.88,-4.62,,True,True,True,False
2026-09-21,UMP-45 | 野孩子 (崭新出厂),UMP-45 | Wild Child (Factory New),60.5,eco,92.5,1.14,-3.5,,False,True,True,False
2026-09-21,UMP-45 | 野蛮剑齿虎 (久经沙场),UMP-45 | Primal Saber (Field-Tested),60.5,buff,78.94,4.03,3.64,,False,True,True,False
2026-09-21,双持贝瑞塔 | 瓜瓜 (崭新出厂),Dual Berettas | Melondrama (Factory New),60.5,buff,98.88,6.95,-6.97,,False,True,True,False
2026-09-22,AUG | 席德.米德 (久经沙场),AUG | Syd Mead (Field-Tested),72.6,buff,78.53,2.51,0.03,,False,True,True,False
2026-09-22,R8左轮手枪 | 美洲驼炮 (久经沙场),R8 Revolver | Llama Cannon (Field-Tested),70.4,buff,69.71,0.59,1.12,,False,True,True,False
2026-09-22,AUG | 燕群 (久经沙场),AUG | Fleet Flock (Field-Tested),70.3,buff,80.0,5.29,1.45,,False,True,True,False
2026-09-22,USP消音版 | 紫色 DDPAT (久经沙场),USP-S | Purple DDPAT (Field-Tested),68.6,buff,20.28,21.38,11.93,,False,True,True,False
2026-09-22,PP-野牛 | 买定离手 (久经沙场),PP-Bizon | High Roller (Field-Tested),67.2,buff,69.59,0.53,3.12,,False,True,True,False
2026-09-22,P90 | 美杜莎之视 (久经沙场),P90 | Deathgaze (Field-Tested),66.9,buff,32.48,1.82,1.48,,False,True,True,False
2026-09-22,AUG | 湖怪鸟 (久经沙场),AUG | Stymphalian (Field-Tested),66.5,buff,21.67,-1.14,1.92,,False,True,True,False
2026-09-22,沙漠之鹰 | 东方之谜 (崭新出厂),Desert Eagle | Eastern Enigma (Factory New),65.3,eco,405.0,-0.04,-4.94,,False,True,True,False
2026-09-22,法玛斯 | 爱神 (略有磨损),FAMAS | Djinn (Minimal Wear),65.0,buff,85.94,0.88,-1.11,,False,True,True,False
2026-09-22,UMP-45 | 野蛮剑齿虎 (久经沙场),UMP-45 | Primal Saber (Field-Tested),64.7,eco,78.9,3.37,3.69,,False,True,True,False
2026-09-22,格洛克18型 | 巅峰状态 (略有磨损),Glock-18 | Fully Tuned (Minimal Wear),64.6,buff,619.0,1.24,1.39,,False,True,True,False
2026-09-22,MAG-7 | 正义 (久经沙场),MAG-7 | Justice (Field-Tested),64.2,buff,36.3,1.83,6.99,,False,True,True,False
2026-09-22,FN57 | 狩猎利器 (久经沙场),Five-SeveN | Fowl Play (Field-Tested),64.1,buff,127.63,4.34,0.9,,False,True,True,False
2026-09-22,P250 | 金缮 (久经沙场),P250 | Kintsugi (Field-Tested),63.8,buff,32.65,1.39,1.99,,False,True,True,False
2026-09-22,SG 553 | 沙漠之花 (崭新出厂),SG 553 | Desert Blossom (Factory New),63.7,buff,24.9,0.23,-1.73,,False,True,True,False
2026-09-22,P250 | 震中 (久经沙场),P250 | Epicenter (Field-Tested),63.4,buff,27.62,-2.36,4.71,,False,True,True,False
2026-09-22,P90 | 往日行动 (久经沙场),P90 | Nostalgia (Field-Tested),63.1,buff,23.31,-2.51,-1.76,,False,True,True,False
2026-09-22,MP9 | 气密 (久经沙场),MP9 | Airlock (Field-Tested),62.9,buff,79.0,2.48,1.63,,False,True,True,False
2026-09-22,MAC-10 | 霓虹骑士 (久经沙场),MAC-10 | Neon Rider (Field-Tested),62.7,buff,768.0,1.52,4.43,,False,True,True,False
2026-09-22,AWP | 黑匣子 (久经沙场),AWP | Black Box (Field-Tested),62.4,eco,26.9,4.11,3.31,,False,True,True,False
2026-09-22,P250 | 死亡轮回 (久经沙场),P250 | Muertos (Field-Tested),62.4,buff,74.99,5.31,2.89,,False,True,True,False
2026-09-22,法玛斯 | 幻灭之旅 (略有磨损),FAMAS | Bad Trip (Minimal Wear),62.0,buff,296.49,3.44,4.55,,False,True,True,False
2026-09-22,UMP-45 | K.O.工厂 (略有磨损),UMP-45 | K.O. Factory (Minimal Wear),61.8,buff,38.5,-3.41,-6.1,,False,True,True,False
2026-09-22,SCAR-20 | 血腥运动 (久经沙场),SCAR-20 | Bloodsport (Field-Tested),61.7,eco,80.71,-2.08,-3.12,,True,True,True,False
2026-09-22,加利尔AR | 黑砂 (略有磨损),Galil AR | Black Sand (Minimal Wear),61.1,buff,29.05,-7.39,-21.8,,False,True,True,False
2026-09-22,AUG | 汪之萌杀 (久经沙场),AUG | Death by Puppy (Field-Tested),61.0,buff,23.45,1.99,0.3,,False,True,True,False
2026-09-22,AUG | 星点天青 (略有磨损),AUG | Lapis Lazuli (Minimal Wear),60.7,eco,38.87,2.97,2.32,,False,True,True,False
2026-09-22,CZ75自动型 | 液压 (略有磨损),CZ75-Auto | Hydraulics (Minimal Wear),60.5,buff,29.09,9.82,9.18,,False,True,True,False
2026-09-22,双持贝瑞塔 | 瓜瓜 (崭新出厂),Dual Berettas | Melondrama (Factory New),60.3,buff,98.88,8.21,-6.97,,False,True,True,False
2026-09-22,格洛克18型 | 荒野反叛 (久经沙场),Glock-18 | Wasteland Rebel (Field-Tested),60.1,buff,753.99,0.94,-2.78,,False,True,True,False
2026-09-23,AUG | 席德.米德 (久经沙场),AUG | Syd Mead (Field-Tested),72.1,buff,79.69,0.81,-1.43,,False,True,False,True
2026-09-23,AUG | 燕群 (久经沙场),AUG | Fleet Flock (Field-Tested),71.9,buff,80.0,3.02,1.45,,False,True,False,True
2026-09-23,加利尔AR | 黑砂 (略有磨损),Galil AR | Black Sand (Minimal Wear),71.0,buff,27.51,-6.09,-17.42,,False,True,False,True
2026-09-23,R8左轮手枪 | 美洲驼炮 (久经沙场),R8 Revolver | Llama Cannon (Field-Tested),71.0,buff,69.18,0.3,1.89,,False,True,False,True
2026-09-23,SCAR-20 | 血腥运动 (久经沙场),SCAR-20 | Bloodsport (Field-Tested),69.8,buff,80.5,-3.14,-2.87,,False,True,False,True
2026-09-23,法玛斯 | 爱神 (略有磨损),FAMAS | Djinn (Minimal Wear),69.2,buff,86.52,-1.05,-1.77,,False,True,False,True
2026-09-23,MP9 | 气密 (久经沙场),MP9 | Airlock (Field-Tested),68.4,buff,79.0,1.98,1.63,,False,True,False,True
2026-09-23,MAG-7 | 正义 (久经沙场),MAG-7 | Justice (Field-Tested),68.1,buff,35.93,4.13,8.09,,False,True,False,True
2026-09-23,PP-野牛 | 买定离手 (久经沙场),PP-Bizon | High Roller (Field-Tested),67.9,buff,69.5,0.29,3.25,,False,True,False,True
2026-09-23,USP消音版 | 紫色 DDPAT (久经沙场),USP-S | Purple DDPAT (Field-Tested),67.8,buff,20.17,23.17,12.54,,False,True,False,True
2026-09-23,FN57 | 狩猎利器 (久经沙场),Five-SeveN | Fowl Play (Field-Tested),67.0,buff,126.77,6.25,1.59,,False,True,False,True
2026-09-23,沙漠之鹰 | 东方之谜 (久经沙场),Desert Eagle | Eastern Enigma (Field-Tested),66.7,buff,97.49,3.99,5.74,,False,True,False,True
2026-09-23,P90 | 美杜莎之视 (久经沙场),P90 | Deathgaze (Field-Tested),66.0,buff,32.61,0.9,1.07,,False,True,False,True
2026-09-23,AUG | 湖怪鸟 (久经沙场),AUG | Stymphalian (Field-Tested),65.3,buff,22.16,-2.7,-0.33,,False,True,False,True
2026-09-23,UMP-45 | 野蛮剑齿虎 (久经沙场),UMP-45 | Primal Saber (Field-Tested),65.0,eco,80.0,1.26,2.26,,False,True,False,True
2026-09-23,格洛克18型 | 巅峰状态 (略有磨损),Glock-18 | Fully Tuned (Minimal Wear),64.9,buff,619.9,2.63,1.24,,False,True,False,True
2026-09-23,CZ75自动型 | 液压 (略有磨损),CZ75-Auto | Hydraulics (Minimal Wear),64.0,buff,28.99,10.19,9.56,,False,True,False,True
2026-09-23,P250 | 金缮 (久经沙场),P250 | Kintsugi (Field-Tested),63.7,buff,32.86,0.12,1.34,,False,True,False,True
2026-09-23,SG 553 | 沙漠之花 (崭新出厂),SG 553 | Desert Blossom (Factory New),63.6,buff,25.0,-1.18,-2.12,,False,True,False,True
2026-09-23,P90 | 往日行动 (久经沙场),P90 | Nostalgia (Field-Tested),63.5,buff,23.17,-1.93,-1.17,,False,True,False,True
2026-09-23,P250 | 死亡轮回 (久经沙场),P250 | Muertos (Field-Tested),63.1,buff,75.46,3.13,2.25,,False,True,False,True
2026-09-23,USP消音版 | 一颗入眠 (崭新出厂),USP-S | Sleeping Potion (Factory New),62.3,buff,49.59,-1.18,0.67,,False,True,False,True
2026-09-23,SG 553 | 次时代 (久经沙场),SG 553 | Cyrex (Field-Tested),61.9,buff,25.97,9.5,4.77,,False,True,False,True
2026-09-23,UMP-45 | K.O.工厂 (久经沙场),UMP-45 | K.O. Factory (Field-Tested),61.9,buff,29.6,1.68,2.03,,False,True,False,True
2026-09-23,UMP-45 | 黑色魅影 (久经沙场),UMP-45 | Neo-Noir (Field-Tested),61.6,buff,27.16,2.21,0.6,,False,True,False,True
2026-09-23,M249 | 雪茄盒 (崭新出厂),M249 | Humidor (Factory New),61.3,buff,24.47,-0.08,2.13,,False,True,False,True
2026-09-23,MAC-10 | 霓虹骑士 (久经沙场),MAC-10 | Neon Rider (Field-Tested),60.8,buff,758.0,0.89,5.8,,False,True,False,True
2026-09-23,P2000 | 变态杀戮 (久经沙场),P2000 | Wicked Sick (Field-Tested),60.7,buff,20.92,5.83,7.54,,False,True,False,True
2026-09-23,AUG | 星点天青 (略有磨损),AUG | Lapis Lazuli (Minimal Wear),60.5,eco,38.87,2.34,2.32,,False,True,False,True
2026-09-23,AUG | 汪之萌杀 (久经沙场),AUG | Death by Puppy (Field-Tested),60.4,buff,23.38,2.51,0.6,,False,True,False,True
2026-09-24,R8左轮手枪 | 美洲驼炮 (久经沙场),R8 Revolver | Llama Cannon (Field-Tested),74.5,buff,68.79,1.29,2.47,,False,True,True,False
2026-09-24,UMP-45 | K.O.工厂 (久经沙场),UMP-45 | K.O. Factory (Field-Tested),71.8,buff,29.13,4.06,3.67,,False,True,True,False
2026-09-24,SCAR-20 | 血腥运动 (久经沙场),SCAR-20 | Bloodsport (Field-Tested),71.2,buff,78.5,0.11,-0.39,,False,True,True,False
2026-09-24,MAC-10 | 霓虹骑士 (久经沙场),MAC-10 | Neon Rider (Field-Tested),71.1,buff,773.0,0.09,3.75,,False,True,True,False
2026-09-24,加利尔AR | 黑砂 (略有磨损),Galil AR | Black Sand (Minimal Wear),70.7,buff,28.98,-9.99,-21.61,,False,True,True,False
2026-09-24,AUG | 燕群 (久经沙场),AUG | Fleet Flock (Field-Tested),69.8,eco,80.0,2.13,1.45,,False,True,True,False
2026-09-24,MAG-7 | 正义 (久经沙场),MAG-7 | Justice (Field-Tested),69.4,buff,35.82,4.76,8.43,,False,True,True,False
2026-09-24,AUG | 席德.米德 (久经沙场),AUG | Syd Mead (Field-Tested),69.3,buff,78.8,1.93,-0.32,,False,True,True,False
2026-09-24,法玛斯 | 爱神 (略有磨损),FAMAS | Djinn (Minimal Wear),69.0,buff,86.52,-2.41,-1.77,,False,True,True,False
2026-09-24,PP-野牛 | 买定离手 (久经沙场),PP-Bizon | High Roller (Field-Tested),68.4,buff,69.5,2.57,3.25,,False,True,True,False
2026-09-24,USP消音版 | 紫色 DDPAT (久经沙场),USP-S | Purple DDPAT (Field-Tested),68.4,buff,20.37,17.2,11.44,,False,True,True,False
2026-09-24,法玛斯 | 防滚架 (久经沙场),FAMAS | Roll Cage (Field-Tested),68.3,buff,752.0,1.81,-1.6,,False,True,True,False
2026-09-24,格洛克18型 | 荒野反叛 (久经沙场),Glock-18 | Wasteland Rebel (Field-Tested),68.3,buff,734.96,3.95,-0.27,,False,True,True,False
2026-09-24,MP9 | 气密 (略有磨损),MP9 | Airlock (Minimal Wear),68.0,buff,80.69,3.83,2.32,,False,True,True,False
2026-09-24,FN57 | 狩猎利器 (久经沙场),Five-SeveN | Fowl Play (Field-Tested),67.7,buff,126.5,6.28,1.8,,False,True,True,False
2026-09-24,P250 | 生化短吻鳄 (久经沙场),P250 | See Ya Later (Field-Tested),66.4,buff,668.0,0.67,1.8,,False,True,True,False
2026-09-24,P90 | 美杜莎之视 (久经沙场),P90 | Deathgaze (Field-Tested),66.3,buff,32.39,1.3,1.76,,False,True,True,False
2026-09-24,UMP-45 | 野蛮剑齿虎 (久经沙场),UMP-45 | Primal Saber (Field-Tested),65.8,eco,80.0,0.94,2.26,,False,True,True,False
2026-09-24,格洛克18型 | 巅峰状态 (略有磨损),Glock-18 | Fully Tuned (Minimal Wear),65.3,buff,620.0,2.45,1.23,,False,True,True,False
2026-09-24,P250 | 金缮 (久经沙场),P250 | Kintsugi (Field-Tested),64.8,buff,32.48,0.88,2.52,,False,True,True,False
2026-09-24,CZ75自动型 | 液压 (略有磨损),CZ75-Auto | Hydraulics (Minimal Wear),64.6,eco,28.99,10.14,9.56,,False,True,True,False
2026-09-24,AUG | 湖怪鸟 (久经沙场),AUG | Stymphalian (Field-Tested),64.4,buff,21.77,-1.99,1.45,,False,True,True,False
2026-09-24,P250 | 死亡轮回 (久经沙场),P250 | Muertos (Field-Tested),64.3,buff,76.28,0.29,1.15,,False,True,True,False
2026-09-24,沙漠之鹰 | 东方之谜 (略有磨损),Desert Eagle | Eastern Enigma (Minimal Wear),64.0,buff,211.88,-1.68,-1.83,,False,True,True,False
2026-09-24,SG 553 | 沙漠之花 (崭新出厂),SG 553 | Desert Blossom (Factory New),63.6,buff,24.75,-0.16,-1.13,,False,True,True,False
2026-09-24,USP消音版 | 黑色魅影 (久经沙场),USP-S | Neo-Noir (Field-Tested),63.2,buff,666.0,1.92,2.19,,False,True,True,False
2026-09-24,P90 | 往日行动 (久经沙场),P90 | Nostalgia (Field-Tested),62.7,buff,23.23,-1.04,-1.42,,False,True,True,False
2026-09-24,M4A4 | 吞天巨蛇 (崭新出厂),M4A4 | Falak (Factory New),61.9,buff,870.0,-1.58,-4.02,,False,True,True,False
2026-09-24,AUG | 汪之萌杀 (久经沙场),AUG | Death by Puppy (Field-Tested),61.8,buff,23.11,2.28,1.77,,False,True,True,False
2026-09-24,截短霰弹枪 | 吞噬 (久经沙场),Sawed-Off | Devourer (Field-Tested),61.7,eco,29.87,0.19,-1.21,,True,True,True,False
2026-09-25,加利尔AR | 黑砂 (略有磨损),Galil AR | Black Sand (Minimal Wear),75.6,buff,28.23,-10.99,-19.53,,False,True,False,False
2026-09-25,P2000 | 草皮 (略有磨损),P2000 | Turf (Minimal Wear),73.4,buff,29.11,-18.55,-11.95,,False,True,False,False
2026-09-25,R8左轮手枪 | 美洲驼炮 (久经沙场),R8 Revolver | Llama Cannon (Field-Tested),73.2,buff,69.0,2.34,2.16,,False,True,False,False
2026-09-25,UMP-45 | K.O.工厂 (久经沙场),UMP-45 | K.O. Factory (Field-Tested),71.1,buff,29.85,1.82,1.17,,False,True,False,False
2026-09-25,法玛斯 | 爱神 (略有磨损),FAMAS | Djinn (Minimal Wear),69.6,buff,85.77,0.66,-0.91,,False,True,False,False
2026-09-25,AUG | 湖怪鸟 (久经沙场),AUG | Stymphalian (Field-Tested),69.5,buff,21.12,0.8,4.57,,False,True,False,False
2026-09-25,P90 | 美杜莎之视 (久经沙场),P90 | Deathgaze (Field-Tested),69.2,buff,32.48,3.16,1.48,,False,True,False,False
2026-09-25,P250 | 金缮 (久经沙场),P250 | Kintsugi (Field-Tested),69.1,buff,32.5,3.01,2.46,,False,True,False,False
2026-09-25,SCAR-20 | 血腥运动 (久经沙场),SCAR-20 | Bloodsport (Field-Tested),69.0,buff,77.2,1.1,1.28,,True,True,False,False
2026-09-25,AUG | 席德.米德 (久经沙场),AUG | Syd Mead (Field-Tested),68.8,buff,79.9,-0.53,-1.69,,False,True,False,False
2026-09-25,AUG | 燕群 (久经沙场),AUG | Fleet Flock (Field-Tested),68.2,buff,82.35,-2.32,-1.45,,False,True,False,False
2026-09-25,PP-野牛 | 买定离手 (久经沙场),PP-Bizon | High Roller (Field-Tested),68.1,buff,69.4,2.27,3.4,,False,True,False,False
2026-09-25,MAC-10 | 霓虹骑士 (久经沙场),MAC-10 | Neon Rider (Field-Tested),67.9,buff,774.98,0.69,3.49,,False,True,False,False
2026-09-25,MP9 | 气密 (略有磨损),MP9 | Airlock (Minimal Wear),66.7,buff,83.52,-0.91,-1.15,,False,True,False,False
2026-09-25,MP5-SD | 磷光体 (久经沙场),MP5-SD | Phosphor (Field-Tested),66.5,buff,27.55,4.05,0.62,,False,True,False,False
2026-09-25,FN57 | 狩猎利器 (久经沙场),Five-SeveN | Fowl Play (Field-Tested),66.3,buff,128.3,5.48,0.37,,False,True,False,False
2026-09-25,UMP-45 | 动量 (久经沙场),UMP-45 | Momentum (Field-Tested),66.2,buff,27.35,1.2,2.6,,False,True,False,False
2026-09-25,格洛克18型 | 荒野反叛 (久经沙场),Glock-18 | Wasteland Rebel (Field-Tested),65.4,buff,748.88,-0.91,-2.12,,False,True,False,False
2026-09-25,法玛斯 | 防滚架 (久经沙场),FAMAS | Roll Cage (Field-Tested),65.2,buff,739.0,1.84,0.13,,False,True,False,False
2026-09-25,UMP-45 | 野蛮剑齿虎 (久经沙场),UMP-45 | Primal Saber (Field-Tested),65.2,eco,81.54,-1.83,0.33,,False,True,False,False
2026-09-25,P250 | 死亡轮回 (久经沙场),P250 | Muertos (Field-Tested),65.2,buff,76.14,2.07,1.34,,False,True,False,False
2026-09-25,SG 553 | 沙漠之花 (崭新出厂),SG 553 | Desert Blossom (Factory New),64.8,buff,24.34,3.35,0.53,,False,True,False,False
2026-09-25,沙漠之鹰 | 东方之谜 (略有磨损),Desert Eagle | Eastern Enigma (Minimal Wear),64.8,buff,208.8,-0.23,-0.38,,False,True,False,False
2026-09-25,MAG-7 | 正义 (久经沙场),MAG-7 | Justice (Field-Tested),64.6,buff,37.6,0.0,3.29,,False,True,False,False
2026-09-25,XM1014 | 埋葬之影 (久经沙场),XM1014 | Entombed (Field-Tested),64.6,buff,22.22,1.15,1.73,,False,True,False,False
2026-09-25,P2000 | 变态杀戮 (久经沙场),P2000 | Wicked Sick (Field-Tested),64.5,buff,20.99,6.43,7.18,,False,True,False,False
2026-09-25,AUG | 变色龙 (略有磨损),AUG | Chameleon (Minimal Wear),64.4,buff,509.0,5.14,4.2,,False,True,False,False
2026-09-25,CZ75自动型 | 液压 (略有磨损),CZ75-Auto | Hydraulics (Minimal Wear),63.9,buff,29.88,10.44,6.29,,False,True,False,False
2026-09-25,M4A4 | 吞天巨蛇 (崭新出厂),M4A4 | Falak (Factory New),62.7,buff,870.0,-2.7,-4.02,,False,True,False,False
2026-09-25,格洛克18型 | 子弹皇后 (略有磨损),Glock-18 | Bullet Queen (Minimal Wear),61.9,buff,377.0,4.16,1.33,,False,True,False,False
2026-09-26,加利尔AR | 黑砂 (略有磨损),Galil AR | Black Sand (Minimal Wear),75.6,buff,28.48,-19.02,,,False,True,False,False
2026-09-26,R8左轮手枪 | 美洲驼炮 (久经沙场),R8 Revolver | Llama Cannon (Field-Tested),74.1,buff,70.0,1.95,,,False,True,False,False
2026-09-26,MAC-10 | 霓虹骑士 (久经沙场),MAC-10 | Neon Rider (Field-Tested),74.0,buff,774.0,0.78,,,False,True,False,False
2026-09-26,AUG | 燕群 (久经沙场),AUG | Fleet Flock (Field-Tested),72.7,buff,82.84,0.84,,,False,True,False,False
2026-09-26,AUG | 席德.米德 (久经沙场),AUG | Syd Mead (Field-Tested),72.6,buff,80.0,1.35,,,False,True,False,False
2026-09-26,UMP-45 | K.O.工厂 (久经沙场),UMP-45 | K.O. Factory (Field-Tested),70.6,buff,30.6,-1.34,,,False,True,False,False
2026-09-26,MP5-SD | 磷光体 (久经沙场),MP5-SD | Phosphor (Field-Tested),70.4,buff,27.59,1.54,,,False,True,False,False
2026-09-26,UMP-45 | 野蛮剑齿虎 (久经沙场),UMP-45 | Primal Saber (Field-Tested),70.3,buff,80.36,0.87,,,False,True,False,False
2026-09-26,P90 | 美杜莎之视 (久经沙场),P90 | Deathgaze (Field-Tested),69.4,buff,33.57,-1.28,,,False,True,False,False
2026-09-26,P250 | 金缮 (久经沙场),P250 | Kintsugi (Field-Tested),69.3,buff,33.08,2.01,,,False,True,False,False
2026-09-26,SCAR-20 | 血腥运动 (久经沙场),SCAR-20 | Bloodsport (Field-Tested),69.1,buff,79.5,-1.61,,,True,True,False,False
2026-09-26,AUG | 湖怪鸟 (久经沙场),AUG | Stymphalian (Field-Tested),68.9,buff,22.61,-1.85,,,False,True,False,False
2026-09-26,PP-野牛 | 买定离手 (久经沙场),PP-Bizon | High Roller (Field-Tested),68.6,eco,69.45,4.93,,,False,True,False,False
2026-09-26,格洛克18型 | 荒野反叛 (久经沙场),Glock-18 | Wasteland Rebel (Field-Tested),68.5,buff,748.88,-0.14,,,False,True,False,False
2026-09-26,XM1014 | 埋葬之影 (久经沙场),XM1014 | Entombed (Field-Tested),68.1,buff,21.74,3.42,,,False,True,False,False
2026-09-26,FN57 | 狩猎利器 (久经沙场),Five-SeveN | Fowl Play (Field-Tested),67.9,buff,128.9,3.8,,,False,True,False,False
2026-09-26,沙漠之鹰 | 阴谋者 (久经沙场),Desert Eagle | Conspiracy (Field-Tested),67.5,buff,131.0,1.15,,,False,True,False,False
2026-09-26,MAG-7 | 正义 (久经沙场),MAG-7 | Justice (Field-Tested),67.4,buff,36.02,4.14,,,False,True,False,False
2026-09-26,P250 | 死亡轮回 (略有磨损),P250 | Muertos (Minimal Wear),67.2,buff,78.8,2.46,,,False,True,False,False
2026-09-26,法玛斯 | 爱神 (久经沙场),FAMAS | Djinn (Field-Tested),67.2,buff,81.5,-0.76,,,False,True,False,False
2026-09-26,P2000 | 草皮 (略有磨损),P2000 | Turf (Minimal Wear),65.7,buff,29.11,-14.45,,,False,True,False,False
2026-09-26,P250 | 生化短吻鳄 (久经沙场),P250 | See Ya Later (Field-Tested),65.5,buff,666.88,0.22,,,False,True,False,False
2026-09-26,法玛斯 | 防滚架 (久经沙场),FAMAS | Roll Cage (Field-Tested),65.5,buff,751.99,0.16,,,False,True,False,False
2026-09-26,格洛克18型 | 巅峰状态 (久经沙场),Glock-18 | Fully Tuned (Field-Tested),65.2,buff,317.89,-0.77,,,False,True,False,False
2026-09-26,CZ75自动型 | 液压 (略有磨损),CZ75-Auto | Hydraulics (Minimal Wear),65.0,buff,30.26,9.05,,,False,True,False,False
2026-09-26,G3SG1 | 梦之林地 (崭新出厂),G3SG1 | Dream Glade (Factory New),64.8,buff,20.2,1.44,,,False,True,False,False
2026-09-26,P2000 | 变态杀戮 (久经沙场),P2000 | Wicked Sick (Field-Tested),64.6,buff,21.2,2.7,,,False,True,False,False
2026-09-26,沙漠之鹰 | 东方之谜 (略有磨损),Desert Eagle | Eastern Enigma (Minimal Wear),64.3,buff,208.88,-2.45,,,False,True,False,False
2026-09-26,法玛斯 | 幻灭之旅 (久经沙场),FAMAS | Bad Trip (Field-Tested),63.5,buff,292.0,-4.08,,,False,True,False,False
2026-09-26,MP9 | 气密 (久经沙场),MP9 | Airlock (Field-Tested),63.2,eco,79.28,0.91,,,False,True,False,False
2026-09-27,R8左轮手枪 | 美洲驼炮 (久经沙场),R8 Revolver | Llama Cannon (Field-Tested),73.4,buff,70.0,0.18,,,False,True,False,False
2026-09-27,MAC-10 | 霓虹骑士 (久经沙场),MAC-10 | Neon Rider (Field-Tested),72.2,buff,767.0,4.35,,,False,True,False,False
2026-09-27,UMP-45 | K.O.工厂 (久经沙场),UMP-45 | K.O. Factory (Field-Tested),72.1,buff,29.87,0.92,,,False,True,False,False
2026-09-27,AUG | 席德.米德 (久经沙场),AUG | Syd Mead (Field-Tested),71.6,buff,81.95,-2.84,,,False,True,False,False
2026-09-27,AUG | 燕群 (久经沙场),AUG | Fleet Flock (Field-Tested),71.5,buff,82.68,-2.12,,,False,True,False,False
2026-09-27,P250 | 金缮 (久经沙场),P250 | Kintsugi (Field-Tested),70.1,buff,32.9,0.69,,,False,True,False,False
2026-09-27,P90 | 美杜莎之视 (久经沙场),P90 | Deathgaze (Field-Tested),70.1,buff,33.2,-0.72,,,False,True,False,False
2026-09-27,MAG-7 | 正义 (久经沙场),MAG-7 | Justice (Field-Tested),69.7,buff,37.6,-0.32,,,False,True,False,False
2026-09-27,AUG | 湖怪鸟 (久经沙场),AUG | Stymphalian (Field-Tested),69.4,buff,21.7,-0.57,,,False,True,False,False
2026-09-27,UMP-45 | 野蛮剑齿虎 (久经沙场),UMP-45 | Primal Saber (Field-Tested),69.4,buff,82.9,-3.85,,,False,True,False,False
2026-09-27,P2000 | 草皮 (略有磨损),P2000 | Turf (Minimal Wear),68.9,eco,27.46,-2.98,,,False,True,False,False
2026-09-27,SCAR-20 | 血腥运动 (久经沙场),SCAR-20 | Bloodsport (Field-Tested),68.8,buff,80.0,-2.48,,,True,True,False,False
2026-09-27,PP-野牛 | 买定离手 (久经沙场),PP-Bizon | High Roller (Field-Tested),68.4,eco,69.47,4.2,,,False,True,False,False
2026-09-27,MP9 | 气密 (久经沙场),MP9 | Airlock (Field-Tested),68.3,buff,80.0,-0.57,,,False,True,False,False
2026-09-27,加利尔AR | 黑砂 (略有磨损),Galil AR | Black Sand (Minimal Wear),68.3,eco,28.07,-18.11,,,False,True,False,False
2026-09-27,MP5-SD | 磷光体 (久经沙场),MP5-SD | Phosphor (Field-Tested),67.4,buff,27.18,1.94,,,False,True,False,False
2026-09-27,格洛克18型 | 荒野反叛 (久经沙场),Glock-18 | Wasteland Rebel (Field-Tested),67.0,buff,761.0,-0.66,,,False,True,False,False
2026-09-27,法玛斯 | 防滚架 (久经沙场),FAMAS | Roll Cage (Field-Tested),67.0,buff,756.0,-1.5,,,False,True,False,False
2026-09-27,FN57 | 狩猎利器 (久经沙场),Five-SeveN | Fowl Play (Field-Tested),67.0,buff,131.0,0.76,,,False,True,False,False
2026-09-27,P250 | 死亡轮回 (略有磨损),P250 | Muertos (Minimal Wear),66.4,buff,81.0,-0.71,,,False,True,False,False
2026-09-27,法玛斯 | 爱神 (久经沙场),FAMAS | Djinn (Field-Tested),66.2,buff,82.99,0.81,,,False,True,False,False
2026-09-27,XM1014 | 埋葬之影 (久经沙场),XM1014 | Entombed (Field-Tested),65.5,buff,23.17,-2.36,,,False,True,False,False
2026-09-27,格洛克18型 | 子弹皇后 (略有磨损),Glock-18 | Bullet Queen (Minimal Wear),65.4,buff,401.0,-1.5,,,False,True,False,False
2026-09-27,G3SG1 | 梦之林地 (崭新出厂),G3SG1 | Dream Glade (Factory New),65.0,buff,20.2,-1.82,,,False,True,False,False
2026-09-27,CZ75自动型 | 液压 (略有磨损),CZ75-Auto | Hydraulics (Minimal Wear),64.6,buff,31.8,3.77,,,False,True,False,False
2026-09-27,P250 | 生化短吻鳄 (久经沙场),P250 | See Ya Later (Field-Tested),64.4,buff,665.0,0.23,,,False,True,False,False
2026-09-27,沙漠之鹰 | 东方之谜 (略有磨损),Desert Eagle | Eastern Enigma (Minimal Wear),64.2,buff,212.0,-3.22,,,False,True,False,False
2026-09-27,P2000 | 变态杀戮 (久经沙场),P2000 | Wicked Sick (Field-Tested),63.5,buff,21.4,2.42,,,False,True,False,False
2026-09-27,法玛斯 | 幻灭之旅 (久经沙场),FAMAS | Bad Trip (Field-Tested),63.2,buff,292.8,-3.2,,,False,True,False,False
2026-09-27,格洛克18型 | 巅峰状态 (久经沙场),Glock-18 | Fully Tuned (Field-Tested),62.8,buff,322.0,-2.78,,,False,True,False,False
2026-09-28,R8左轮手枪 | 美洲驼炮 (久经沙场),R8 Revolver | Llama Cannon (Field-Tested),74.2,buff,69.9,0.84,,,False,True,False,False
2026-09-28,AUG | 席德.米德 (久经沙场),AUG | Syd Mead (Field-Tested),73.7,buff,79.9,-1.69,,,False,True,False,False
2026-09-28,MAG-7 | 正义 (久经沙场),MAG-7 | Justice (Field-Tested),72.3,buff,37.6,3.29,,,False,True,False,False
2026-09-28,UMP-45 | K.O.工厂 (久经沙场),UMP-45 | K.O. Factory (Field-Tested),71.6,buff,30.25,-0.17,,,False,True,False,False
2026-09-28,P90 | 美杜莎之视 (久经沙场),P90 | Deathgaze (Field-Tested),70.7,buff,33.3,-1.02,,,False,True,False,False
2026-09-28,UMP-45 | 野孩子 (久经沙场),UMP-45 | Wild Child (Field-Tested),70.5,buff,21.61,4.01,,,False,True,False,False
2026-09-28,P250 | 金缮 (久经沙场),P250 | Kintsugi (Field-Tested),70.4,buff,32.98,0.97,,,False,True,False,False
2026-09-28,AUG | 湖怪鸟 (久经沙场),AUG | Stymphalian (Field-Tested),70.0,buff,21.7,1.78,,,False,True,False,False
2026-09-28,MP9 | 气密 (久经沙场),MP9 | Airlock (Field-Tested),69.2,buff,80.0,0.36,,,False,True,False,False
2026-09-28,XM1014 | 埋葬之影 (久经沙场),XM1014 | Entombed (Field-Tested),69.1,buff,21.87,3.35,,,False,True,False,False
2026-09-28,PP-野牛 | 买定离手 (久经沙场),PP-Bizon | High Roller (Field-Tested),68.9,eco,69.0,4.0,,,False,True,False,False
2026-09-28,MAC-10 | 霓虹骑士 (久经沙场),MAC-10 | Neon Rider (Field-Tested),67.9,buff,798.99,0.38,,,False,True,False,False
2026-09-28,FN57 | 狩猎利器 (久经沙场),Five-SeveN | Fowl Play (Field-Tested),67.9,buff,131.86,-2.34,,,False,True,False,False
2026-09-28,P250 | 死亡轮回 (略有磨损),P250 | Muertos (Minimal Wear),67.4,buff,76.9,3.06,,,False,True,False,False
2026-09-28,MP5-SD | 磷光体 (久经沙场),MP5-SD | Phosphor (Field-Tested),67.2,buff,27.21,1.87,,,False,True,False,False
2026-09-28,法玛斯 | 防滚架 (久经沙场),FAMAS | Roll Cage (Field-Tested),66.6,buff,769.0,-3.77,,,False,True,False,False
2026-09-28,法玛斯 | 爱神 (久经沙场),FAMAS | Djinn (Field-Tested),66.5,buff,82.49,0.82,,,False,True,False,False
2026-09-28,UMP-45 | 野蛮剑齿虎 (久经沙场),UMP-45 | Primal Saber (Field-Tested),66.4,buff,82.0,-0.23,,,False,True,False,False
2026-09-28,SCAR-20 | 血腥运动 (久经沙场),SCAR-20 | Bloodsport (Field-Tested),65.6,eco,79.73,-1.93,,,True,True,False,False
2026-09-28,USP消音版 | 紫色 DDPAT (久经沙场),USP-S | Purple DDPAT (Field-Tested),65.2,buff,21.33,6.42,,,False,True,False,False
2026-09-28,加利尔AR | 黑砂 (略有磨损),Galil AR | Black Sand (Minimal Wear),64.9,buff,27.14,-16.3,,,False,True,False,False
2026-09-28,格洛克18型 | 荒野反叛 (久经沙场),Glock-18 | Wasteland Rebel (Field-Tested),64.7,buff,750.0,-2.27,,,False,True,False,False
2026-09-28,P250 | 生化短吻鳄 (久经沙场),P250 | See Ya Later (Field-Tested),64.0,buff,665.0,2.26,,,False,True,False,False
2026-09-28,格洛克18型 | 巅峰状态 (久经沙场),Glock-18 | Fully Tuned (Field-Tested),63.2,buff,319.99,-2.11,,,False,True,False,False
2026-09-28,P2000 | 变态杀戮 (久经沙场),P2000 | Wicked Sick (Field-Tested),62.8,buff,21.99,2.31,,,False,True,False,False
2026-09-28,P250 | 震中 (久经沙场),P250 | Epicenter (Field-Tested),62.8,eco,27.41,5.51,,,False,True,False,False
2026-09-28,格洛克18型 | 子弹皇后 (久经沙场),Glock-18 | Bullet Queen (Field-Tested),62.7,buff,362.0,-3.59,,,False,True,False,False
2026-09-28,法玛斯 | 幻灭之旅 (久经沙场),FAMAS | Bad Trip (Field-Tested),62.7,buff,281.0,0.35,,,False,True,False,False
2026-09-28,AUG | 汪之萌杀 (久经沙场),AUG | Death by Puppy (Field-Tested),62.6,buff,23.72,-0.84,,,False,True,False,False
2026-09-28,沙漠之鹰 | 东方之谜 (略有磨损),Desert Eagle | Eastern Enigma (Minimal Wear),62.4,buff,216.0,-3.7,,,False,True,False,False
2026-09-29,R8左轮手枪 | 美洲驼炮 (久经沙场),R8 Revolver | Llama Cannon (Field-Tested),73.0,buff,70.4,0.13,,,False,True,False,False
2026-09-29,AUG | 席德.米德 (久经沙场),AUG | Syd Mead (Field-Tested),72.7,buff,81.4,-3.5,,,False,True,False,False
2026-09-29,UMP-45 | K.O.工厂 (久经沙场),UMP-45 | K.O. Factory (Field-Tested),71.5,buff,30.0,0.67,,,False,True,False,False
2026-09-29,P90 | 美杜莎之视 (久经沙场),P90 | Deathgaze (Field-Tested),70.3,buff,32.99,-0.09,,,False,True,False,False
2026-09-29,UMP-45 | 野孩子 (久经沙场),UMP-45 | Wild Child (Field-Tested),69.8,buff,22.28,0.88,,,False,True,False,False
2026-09-29,UMP-45 | 野蛮剑齿虎 (久经沙场),UMP-45 | Primal Saber (Field-Tested),69.4,buff,82.09,-0.34,,,False,True,False,False
2026-09-29,P250 | 金缮 (久经沙场),P250 | Kintsugi (Field-Tested),69.1,buff,33.55,-0.75,,,False,True,False,False
2026-09-29,PP-野牛 | 买定离手 (久经沙场),PP-Bizon | High Roller (Field-Tested),68.9,eco,69.0,4.0,,,False,True,False,False
2026-09-29,MP9 | 气密 (久经沙场),MP9 | Airlock (Field-Tested),68.7,buff,81.0,-0.88,,,False,True,False,False
2026-09-29,法玛斯 | 爱神 (略有磨损),FAMAS | Djinn (Minimal Wear),67.9,buff,86.7,-1.97,,,False,True,False,False
2026-09-29,AUG | 湖怪鸟 (久经沙场),AUG | Stymphalian (Field-Tested),67.9,buff,21.33,3.54,,,False,True,False,False
2026-09-29,FN57 | 狩猎利器 (久经沙场),Five-SeveN | Fowl Play (Field-Tested),67.1,buff,135.0,-4.61,,,False,True,False,False
2026-09-29,MAC-10 | 霓虹骑士 (久经沙场),MAC-10 | Neon Rider (Field-Tested),66.7,buff,779.0,2.95,,,False,True,False,False
2026-09-29,P250 | 死亡轮回 (略有磨损),P250 | Muertos (Minimal Wear),65.2,buff,77.5,2.27,,,False,True,False,False
2026-09-29,SCAR-20 | 血腥运动 (久经沙场),SCAR-20 | Bloodsport (Field-Tested),65.0,eco,79.08,-1.13,,,True,True,False,False
2026-09-29,G3SG1 | 梦之林地 (崭新出厂),G3SG1 | Dream Glade (Factory New),65.0,buff,20.2,-6.93,,,False,True,False,False
2026-09-29,沙漠之鹰 | 东方之谜 (久经沙场),Desert Eagle | Eastern Enigma (Field-Tested),64.4,buff,102.4,0.67,,,False,True,False,False
2026-09-29,MAG-7 | 正义 (久经沙场),MAG-7 | Justice (Field-Tested),64.1,eco,36.99,5.0,,,False,True,False,False
2026-09-29,格洛克18型 | 荒野反叛 (久经沙场),Glock-18 | Wasteland Rebel (Field-Tested),64.0,buff,751.31,-2.44,,,False,True,False,False
2026-09-29,USP消音版 | 眩流 (崭新出厂),USP-S | Spiral Glitch (Factory New),63.8,eco,495.0,-5.05,,,True,True,False,False
2026-09-29,MP5-SD | 磷光体 (久经沙场),MP5-SD | Phosphor (Field-Tested),63.7,buff,27.27,1.65,,,False,True,False,False
2026-09-29,格洛克18型 | 巅峰状态 (久经沙场),Glock-18 | Fully Tuned (Field-Tested),63.7,buff,321.49,-2.57,,,False,True,False,False
2026-09-29,P90 | 二西莫夫 (略有磨损),P90 | Asiimov (Minimal Wear),63.6,buff,1234.0,-1.91,,,False,True,False,False
2026-09-29,XM1014 | 埋葬之影 (久经沙场),XM1014 | Entombed (Field-Tested),63.5,buff,23.1,-2.15,,,False,True,False,False
2026-09-29,P250 | 生化短吻鳄 (久经沙场),P250 | See Ya Later (Field-Tested),63.3,buff,658.0,3.34,,,False,True,False,False
2026-09-29,P2000 | 变态杀戮 (久经沙场),P2000 | Wicked Sick (Field-Tested),63.2,buff,22.8,-1.33,,,False,True,False,False
2026-09-29,CZ75自动型 | 液压 (略有磨损),CZ75-Auto | Hydraulics (Minimal Wear),62.7,buff,32.0,-0.75,,,False,True,False,False
2026-09-29,法玛斯 | 幻灭之旅 (久经沙场),FAMAS | Bad Trip (Field-Tested),62.2,buff,280.9,0.38,,,False,True,False,False
2026-09-29,MP7 | 幽幻深渊 (崭新出厂),MP7 | Abyssal Apparition (Factory New),61.8,eco,103.5,-10.15,,,False,True,False,False
2026-09-29,格洛克18型 | 子弹皇后 (略有磨损),Glock-18 | Bullet Queen (Minimal Wear),61.3,buff,400.98,-4.73,,,False,True,False,False
2026-09-30,UMP-45 | K.O.工厂 (久经沙场),UMP-45 | K.O. Factory (Field-Tested),73.2,buff,30.19,0.03,,,False,True,False,False
2026-09-30,MAG-7 | 正义 (久经沙场),MAG-7 | Justice (Field-Tested),71.6,buff,37.6,3.29,,,False,True,False,False
2026-09-30,AUG | 席德.米德 (久经沙场),AUG | Syd Mead (Field-Tested),71.6,buff,80.38,-2.28,,,False,True,False,False
2026-09-30,P90 | 美杜莎之视 (久经沙场),P90 | Deathgaze (Field-Tested),70.2,buff,32.98,-0.06,,,False,True,False,False
2026-09-30,P250 | 金缮 (久经沙场),P250 | Kintsugi (Field-Tested),69.8,buff,32.93,1.12,,,False,True,False,False
2026-09-30,UMP-45 | 野蛮剑齿虎 (久经沙场),UMP-45 | Primal Saber (Field-Tested),69.1,buff,80.72,1.35,,,False,True,False,False
2026-09-30,UMP-45 | 野孩子 (久经沙场),UMP-45 | Wild Child (Field-Tested),69.0,buff,22.58,-0.46,,,False,True,False,False
2026-09-30,PP-野牛 | 买定离手 (久经沙场),PP-Bizon | High Roller (Field-Tested),68.9,eco,69.48,3.28,,,False,True,False,False
2026-09-30,法玛斯 | 爱神 (略有磨损),FAMAS | Djinn (Minimal Wear),68.2,buff,85.62,-0.74,,,False,True,False,False
2026-09-30,P90 | 二西莫夫 (略有磨损),P90 | Asiimov (Minimal Wear),67.2,buff,1251.9,-3.32,,,False,True,False,False
2026-09-30,AUG | 湖怪鸟 (久经沙场),AUG | Stymphalian (Field-Tested),67.0,buff,21.7,1.78,,,False,True,False,False
2026-09-30,SCAR-20 | 血腥运动 (久经沙场),SCAR-20 | Bloodsport (Field-Tested),66.2,eco,77.71,0.62,,,True,True,False,False
2026-09-30,格洛克18型 | 巅峰状态 (略有磨损),Glock-18 | Fully Tuned (Minimal Wear),65.9,buff,622.99,0.74,,,False,True,False,False
2026-09-30,MP9 | 气密 (久经沙场),MP9 | Airlock (Field-Tested),65.7,buff,81.2,-1.13,,,False,True,False,False
2026-09-30,G3SG1 | 梦之林地 (崭新出厂),G3SG1 | Dream Glade (Factory New),65.3,buff,20.2,-6.93,,,False,True,False,False
2026-09-30,沙漠之鹰 | 东方之谜 (久经沙场),Desert Eagle | Eastern Enigma (Field-Tested),65.2,buff,100.67,2.4,,,False,True,False,False
2026-09-30,P250 | 死亡轮回 (久经沙场),P250 | Muertos (Field-Tested),64.9,buff,78.0,-1.08,,,False,True,False,False
2026-09-30,XM1014 | 埋葬之影 (久经沙场),XM1014 | Entombed (Field-Tested),64.8,eco,22.59,0.06,,,False,True,False,False
2026-09-30,P2000 | 变态杀戮 (久经沙场),P2000 | Wicked Sick (Field-Tested),64.1,buff,22.3,0.89,,,False,True,False,False
2026-09-30,P250 | 生化短吻鳄 (久经沙场),P250 | See Ya Later (Field-Tested),64.0,buff,673.99,0.89,,,False,True,False,False
2026-09-30,USP消音版 | 眩流 (崭新出厂),USP-S | Spiral Glitch (Factory New),63.8,eco,490.0,-4.08,,,True,True,False,False
2026-09-30,法玛斯 | 幻灭之旅 (略有磨损),FAMAS | Bad Trip (Minimal Wear),63.5,buff,299.0,3.68,,,False,True,False,False
2026-09-30,AUG | 星点天青 (略有磨损),AUG | Lapis Lazuli (Minimal Wear),63.4,eco,39.78,-0.03,,,False,True,False,False
2026-09-30,格洛克18型 | 子弹皇后 (略有磨损),Glock-18 | Bullet Queen (Minimal Wear),63.2,buff,382.0,0.0,,,False,True,False,False
2026-09-30,新星 | 暴怒野兽 (久经沙场),Nova | Hyper Beast (Field-Tested),62.4,buff,64.79,-2.04,,,True,True,False,False
2026-09-30,P2000 | 草皮 (略有磨损),P2000 | Turf (Minimal Wear),62.3,eco,25.37,1.02,,,False,True,False,False
2026-09-30,M249 | 雪茄盒 (略有磨损),M249 | Humidor (Minimal Wear),62.3,buff,20.02,-1.24,,,False,True,False,False
2026-09-30,FN57 | 怒氓 (崭新出厂),Five-SeveN | Angry Mob (Factory New),62.0,buff,480.0,9.58,,,False,True,False,False
2026-09-30,P90 | 往日行动 (久经沙场),P90 | Nostalgia (Field-Tested),61.4,buff,22.77,0.57,,,False,True,False,False
2026-09-30,AUG | 极地孤狼 (略有磨损),AUG | Arctic Wolf (Minimal Wear),60.5,eco,20.71,8.93,,,False,True,False,False
2026-10-01,USP消音版 | 紫色 DDPAT (久经沙场),USP-S | Purple DDPAT (Field-Tested),72.7,buff,23.34,-2.74,,,False,True,False,False
2026-10-01,MAG-7 | 正义 (久经沙场),MAG-7 | Justice (Field-Tested),72.5,buff,37.56,3.4,,,False,True,False,False
2026-10-01,UMP-45 | K.O.工厂 (久经沙场),UMP-45 | K.O. Factory (Field-Tested),72.3,buff,30.3,-0.33,,,False,True,False,False
2026-10-01,P90 | 美杜莎之视 (久经沙场),P90 | Deathgaze (Field-Tested),70.1,buff,32.97,-0.03,,,False,True,False,False
2026-10-01,P250 | 金缮 (久经沙场),P250 | Kintsugi (Field-Tested),69.8,buff,32.78,1.59,,,False,True,False,False
2026-10-01,法玛斯 | 爱神 (略有磨损),FAMAS | Djinn (Minimal Wear),68.9,buff,84.59,0.47,,,False,True,False,False
2026-10-01,AUG | 席德.米德 (久经沙场),AUG | Syd Mead (Field-Tested),68.7,buff,79.96,-1.76,,,False,True,False,False
2026-10-01,AUG | 湖怪鸟 (久经沙场),AUG | Stymphalian (Field-Tested),68.5,eco,21.18,4.28,,,False,True,False,False
2026-10-01,UMP-45 | 野蛮剑齿虎 (久经沙场),UMP-45 | Primal Saber (Field-Tested),68.1,buff,82.63,-0.99,,,False,True,False,False
2026-10-01,PP-野牛 | 买定离手 (久经沙场),PP-Bizon | High Roller (Field-Tested),67.5,buff,71.4,0.5,,,False,True,False,False
2026-10-01,SCAR-20 | 血腥运动 (久经沙场),SCAR-20 | Bloodsport (Field-Tested),66.7,eco,78.25,-0.08,,,True,True,False,False
2026-10-01,UMP-45 | 野孩子 (久经沙场),UMP-45 | Wild Child (Field-Tested),66.6,buff,21.92,2.54,,,False,True,False,False
2026-10-01,P250 | 死亡轮回 (略有磨损),P250 | Muertos (Minimal Wear),66.6,buff,79.08,0.22,,,False,True,False,False
2026-10-01,P250 | 生化短吻鳄 (久经沙场),P250 | See Ya Later (Field-Tested),66.5,buff,673.99,0.89,,,False,True,False,False
2026-10-01,R8左轮手枪 | 美洲驼炮 (久经沙场),R8 Revolver | Llama Cannon (Field-Tested),65.8,eco,68.95,2.23,,,False,True,False,False
2026-10-01,格洛克18型 | 巅峰状态 (略有磨损),Glock-18 | Fully Tuned (Minimal Wear),65.7,buff,627.0,0.1,,,False,True,False,False
2026-10-01,沙漠之鹰 | 东方之谜 (略有磨损),Desert Eagle | Eastern Enigma (Minimal Wear),65.2,buff,209.98,-0.94,,,False,True,False,False
2026-10-01,G3SG1 | 梦之林地 (崭新出厂),G3SG1 | Dream Glade (Factory New),65.1,buff,20.8,-9.62,,,False,True,False,False
2026-10-01,P2000 | 变态杀戮 (久经沙场),P2000 | Wicked Sick (Field-Tested),64.9,buff,21.72,3.58,,,False,True,False,False
2026-10-01,法玛斯 | 幻灭之旅 (略有磨损),FAMAS | Bad Trip (Minimal Wear),64.4,buff,301.0,2.99,,,False,True,False,False
2026-10-01,AUG | 星点天青 (略有磨损),AUG | Lapis Lazuli (Minimal Wear),64.3,buff,39.77,0.0,,,False,True,False,False
2026-10-01,MP9 | 气密 (久经沙场),MP9 | Airlock (Field-Tested),64.1,buff,80.0,0.36,,,False,True,False,False
2026-10-01,AWP | 无上之焰 (久经沙场),AWP | Sovereign Flame (Field-Tested),63.6,eco,744.98,0.0,,,False,True,False,False
2026-10-01,双持贝瑞塔 | 瓜瓜 (久经沙场),Dual Berettas | Melondrama (Field-Tested),63.5,buff,41.5,-2.65,,,False,True,False,False
2026-10-01,P2000 | 草皮 (略有磨损),P2000 | Turf (Minimal Wear),63.4,eco,24.8,3.35,,,False,True,False,False
2026-10-01,格洛克18型 | 子弹皇后 (略有磨损),Glock-18 | Bullet Queen (Minimal Wear),63.4,buff,384.0,-0.52,,,False,True,False,False
2026-10-01,XM1014 | 埋葬之影 (久经沙场),XM1014 | Entombed (Field-Tested),62.1,buff,23.1,-2.15,,,False,True,False,False
2026-10-01,CZ75自动型 | 液压 (略有磨损),CZ75-Auto | Hydraulics (Minimal Wear),61.3,buff,31.8,-0.13,,,False,True,False,False
2026-10-01,FN57 | 怒氓 (崭新出厂),Five-SeveN | Angry Mob (Factory New),60.4,buff,480.0,9.58,,,False,True,False,False
2026-10-01,MP7 | 幽幻深渊 (久经沙场),MP7 | Abyssal Apparition (Field-Tested),60.3,buff,41.48,-2.7,,,False,True,False,False
2026-10-02,USP消音版 | 紫色 DDPAT (久经沙场),USP-S | Purple DDPAT (Field-Tested),75.5,buff,23.79,-4.58,,,False,True,False,False
2026-10-02,MAG-7 | 正义 (久经沙场),MAG-7 | Justice (Field-Tested),73.9,buff,37.6,3.29,,,False,True,False,False
2026-10-02,UMP-45 | K.O.工厂 (久经沙场),UMP-45 | K.O. Factory (Field-Tested),72.3,buff,30.52,-1.05,,,False,True,False,False
2026-10-02,P90 | 美杜莎之视 (久经沙场),P90 | Deathgaze (Field-Tested),70.8,buff,32.98,-0.06,,,False,True,False,False
2026-10-02,P250 | 金缮 (久经沙场),P250 | Kintsugi (Field-Tested),70.1,buff,32.89,1.25,,,False,True,False,False
2026-10-02,AUG | 席德.米德 (久经沙场),AUG | Syd Mead (Field-Tested),68.4,buff,79.66,-1.39,,,False,True,False,False
2026-10-02,FN57 | 狩猎利器 (久经沙场),Five-SeveN | Fowl Play (Field-Tested),68.4,buff,135.5,-4.96,,,False,True,False,False
2026-10-02,UMP-45 | 野蛮剑齿虎 (久经沙场),UMP-45 | Primal Saber (Field-Tested),68.3,buff,79.62,2.75,,,False,True,False,False
2026-10-02,PP-野牛 | 买定离手 (久经沙场),PP-Bizon | High Roller (Field-Tested),68.2,buff,70.6,1.64,,,False,True,False,False
2026-10-02,AUG | 湖怪鸟 (久经沙场),AUG | Stymphalian (Field-Tested),66.1,eco,20.92,5.57,,,False,True,False,False
2026-10-02,UMP-45 | 野孩子 (久经沙场),UMP-45 | Wild Child (Field-Tested),65.7,buff,22.57,-0.42,,,False,True,False,False
2026-10-02,格洛克18型 | 巅峰状态 (略有磨损),Glock-18 | Fully Tuned (Minimal Wear),65.6,buff,628.0,-0.06,,,False,True,False,False
2026-10-02,法玛斯 | 爱神 (久经沙场),FAMAS | Djinn (Field-Tested),65.5,buff,79.92,4.07,,,False,True,False,False
2026-10-02,G3SG1 | 梦之林地 (崭新出厂),G3SG1 | Dream Glade (Factory New),64.2,buff,20.8,-9.62,,,False,True,False,False
2026-10-02,AUG | 星点天青 (略有磨损),AUG | Lapis Lazuli (Minimal Wear),64.1,buff,39.7,0.18,,,False,True,False,False
2026-10-02,法玛斯 | 幻灭之旅 (略有磨损),FAMAS | Bad Trip (Minimal Wear),63.9,buff,297.0,4.37,,,False,True,False,False
2026-10-02,沙漠之鹰 | 东方之谜 (久经沙场),Desert Eagle | Eastern Enigma (Field-Tested),63.6,buff,101.0,2.06,,,False,True,False,False
2026-10-02,P2000 | 变态杀戮 (久经沙场),P2000 | Wicked Sick (Field-Tested),63.1,buff,22.68,-0.8,,,False,True,False,False
2026-10-02,格洛克18型 | 子弹皇后 (略有磨损),Glock-18 | Bullet Queen (Minimal Wear),62.7,buff,394.87,-3.26,,,False,True,False,False
2026-10-02,CZ75自动型 | 液压 (略有磨损),CZ75-Auto | Hydraulics (Minimal Wear),62.4,buff,33.0,-3.76,,,False,True,False,False
2026-10-02,AWP | 黑匣子 (久经沙场),AWP | Black Box (Field-Tested),62.0,eco,27.8,-0.04,,,False,True,False,False
2026-10-02,格洛克18型 | 荒野反叛 (久经沙场),Glock-18 | Wasteland Rebel (Field-Tested),61.5,buff,747.0,-1.87,,,False,True,False,False
2026-10-02,SG 553 | 沙漠之花 (略有磨损),SG 553 | Desert Blossom (Minimal Wear),61.4,buff,20.12,-9.32,,,False,True,False,False
2026-10-02,截短霰弹枪 | 吞噬 (久经沙场),Sawed-Off | Devourer (Field-Tested),61.3,buff,29.33,0.61,,,True,True,False,False
2026-10-02,USP消音版 | 眩流 (崭新出厂),USP-S | Spiral Glitch (Factory New),61.3,eco,475.0,-1.05,,,True,True,False,False
2026-10-02,P250 | 死亡轮回 (略有磨损),P250 | Muertos (Minimal Wear),61.2,buff,78.33,1.18,,,False,True,False,False
2026-10-02,MAC-10 | 霓虹骑士 (久经沙场),MAC-10 | Neon Rider (Field-Tested),60.8,buff,786.99,1.91,,,False,True,False,False
2026-10-02,MP9 | 气密 (久经沙场),MP9 | Airlock (Field-Tested),60.7,eco,80.0,0.36,,,False,True,False,False
2026-10-02,沙漠之鹰 | 噩梦之夜 (久经沙场),Desert Eagle | Night (Field-Tested),59.8,buff,65.34,8.37,,,False,True,False,False
2026-10-02,P250 | 生化短吻鳄 (久经沙场),P250 | See Ya Later (Field-Tested),59.5,buff,670.0,1.49,,,False,True,False,False
